claim_id,entity_id,created_at,claim_value,claim_reason,evidence_type,channel,entity_tenure_days,entity_total_activity_count,entity_prior_claim_count,entity_prior_claim_value,entity_prior_claim_rate,entity_expected_event_rate,entity_observed_event_rate,entity_rate_zscore,entity_velocity_30d,entity_distinct_counterparties_30d
CLM-42-000001,ENT-0002,2025-05-10T19:13:09.316Z,8,damaged_in_transit,third_party_record,live_event,1,2,0,0,0,0.4,0,-1.1547,0,0
CLM-42-000002,ENT-0002,2025-05-20T13:19:46.361Z,34.66,damaged_in_transit,photo_visual,scheduled_listing,11,5,1,8,0.2,0.4,0.2,-0.9129,1,1
CLM-42-000003,ENT-0002,2025-05-26T00:43:13.787Z,249.9,not_as_described,none_provided,live_event,17,3,2,42.66,0.6666666666666666,0.4,0.666667,0.9428,2,2
CLM-42-000004,ENT-0002,2025-06-04T06:27:11.626Z,69.61,not_as_described,photo_visual,live_event,26,9,3,292.56,0.3333333333333333,0.4,0.333333,-0.4082,3,3
CLM-42-000005,ENT-0002,2025-06-08T04:23:16.313Z,79.17,not_received,photo_visual,live_event,30,6,4,362.17,0.6666666666666666,0.4,0.666667,1.3333,4,4
CLM-42-000006,ENT-0002,2025-06-10T01:00:32.904Z,21.87,not_as_described,none_provided,live_event,32,7,5,441.34,0.7142857142857143,0.4,0.571429,0.9258,4,4
CLM-42-000007,ENT-0002,2025-06-10T01:54:33.659Z,101.66,not_received,third_party_record,live_event,32,9,6,463.21,0.6666666666666666,0.4,0.555556,0.9526,5,5
CLM-42-000008,ENT-0002,2025-06-14T23:51:12.439Z,35.52,not_as_described,none_provided,direct_message_offer,36,10,7,564.87,0.7,0.4,0.6,1.291,6,6
CLM-42-000009,ENT-0002,2025-06-21T20:09:53.329Z,141.76,not_received,none_provided,scheduled_listing,43,17,8,600.39,0.47058823529411764,0.4,0.352941,-0.3961,6,6
CLM-42-000010,ENT-0002,2025-06-28T06:38:45.555Z,66.15,not_received,photo_visual,live_event,50,15,9,742.15,0.6,0.4,0.4,0,6,6
CLM-42-000011,ENT-0011,2025-07-01T08:36:32.104Z,28.69,quality_dispute,none_provided,direct_message_offer,49,12,0,0,0,0.4,0,-2.8284,0,0
CLM-42-000012,ENT-0013,2025-07-04T19:15:12.893Z,20.15,not_received,photo_visual,live_event,14,2,0,0,0,0.4,0,-1.1547,0,0
CLM-42-000013,ENT-0002,2025-07-10T14:25:35.633Z,44.58,not_as_described,none_provided,scheduled_listing,62,18,10,808.3,0.5555555555555556,0.4,0.166667,-2.0207,3,3
CLM-42-000014,ENT-0034,2025-07-11T03:56:35.810Z,44.66,damaged_in_transit,photo_visual,scheduled_listing,18,12,0,0,0,0.4,0,-2.8284,0,0
CLM-42-000015,ENT-0002,2025-07-11T21:18:04.374Z,51.26,not_received,photo_visual,direct_message_offer,63,14,11,852.88,0.7857142857142857,0.4,0.285714,-0.8729,4,4
CLM-42-000016,ENT-0002,2025-07-12T05:31:06.686Z,35.32,not_as_described,third_party_record,direct_message_offer,64,11,12,904.14,1.0909090909090908,0.4,0.454545,0.3693,5,5
CLM-42-000017,ENT-0010,2025-07-19T03:17:50.322Z,65.03,damaged_in_transit,photo_visual,live_event,73,22,0,0,0,0.4,0,-3.8297,0,0
CLM-42-000018,ENT-0002,2025-07-19T21:20:46.931Z,36.43,unauthorized_charge,third_party_record,live_event,71,14,13,939.46,0.9285714285714286,0.4,0.357143,-0.3273,5,5
CLM-42-000019,ENT-0002,2025-07-23T21:43:36.187Z,93.55,not_as_described,none_provided,direct_message_offer,75,13,14,975.89,1.0769230769230769,0.4,0.384615,-0.1132,5,5
CLM-42-000020,ENT-0039,2025-07-24T00:19:51.363Z,28.42,quality_dispute,photo_visual,live_event,18,11,0,0,0,0.4,0,-2.708,0,0
CLM-42-000021,ENT-0010,2025-07-26T12:08:20.804Z,172.62,not_received,photo_visual,live_event,80,21,1,65.03,0.047619047619047616,0.4,0.047619,-3.2962,1,1
CLM-42-000022,ENT-0002,2025-07-27T09:05:03.198Z,36.48,damaged_in_transit,photo_visual,live_event,79,14,15,1069.44,1.0714285714285714,0.4,0.428571,0.2182,6,6
CLM-42-000023,ENT-0033,2025-07-29T11:38:48.555Z,23.91,unauthorized_charge,communication_log,live_event,34,7,0,0,0,0.375447,0,-2.0513,0,0
CLM-42-000024,ENT-0007,2025-07-29T20:12:39.711Z,21.8,not_as_described,third_party_record,direct_message_offer,19,6,0,0,0,0.4,0,-2,0,0
CLM-42-000025,ENT-0002,2025-07-30T07:47:03.971Z,83.44,not_as_described,none_provided,direct_message_offer,82,14,16,1105.92,1.1428571428571428,0.4,0.428571,0.2182,6,6
CLM-42-000026,ENT-0030,2025-07-30T12:37:18.767Z,30.44,not_as_described,none_provided,direct_message_offer,4,3,0,0,0,0.27684,0,-1.0717,0,0
CLM-42-000027,ENT-0011,2025-08-03T00:37:32.232Z,24.37,quality_dispute,photo_visual,scheduled_listing,82,14,1,28.69,0.07142857142857142,0.4,0,-3.0551,0,0
CLM-42-000028,ENT-0002,2025-08-03T01:35:04.936Z,237.75,damaged_in_transit,photo_visual,live_event,86,21,17,1189.36,0.8095238095238095,0.4,0.333333,-0.6236,7,7
CLM-42-000029,ENT-0002,2025-08-05T15:43:00.514Z,88.91,not_as_described,third_party_record,live_event,88,17,18,1427.11,1.0588235294117647,0.4,0.470588,0.5941,8,8
CLM-42-000030,ENT-0002,2025-08-07T03:59:41.181Z,10.69,not_as_described,photo_visual,live_event,90,20,19,1516.02,0.95,0.4,0.45,0.4564,9,9
CLM-42-000031,ENT-0022,2025-08-10T14:08:08.694Z,25.39,damaged_in_transit,photo_visual,live_event,61,10,0,0,0,0.295827,0,-2.0496,0,0
CLM-42-000032,ENT-0022,2025-08-11T13:02:12.774Z,88.75,quality_dispute,photo_visual,scheduled_listing,62,11,1,25.39,0.09090909090909091,0.295827,0.090909,-1.4891,1,1
CLM-42-000033,ENT-0011,2025-08-12T12:20:39.712Z,22.95,not_as_described,photo_visual,live_event,91,13,2,53.06,0.15384615384615385,0.4,0.076923,-2.3778,1,1
CLM-42-000034,ENT-0001,2025-08-13T10:32:02.725Z,28.37,quality_dispute,photo_visual,live_event,1,2,0,0,0,0.288591,0,-0.9007,0,0
CLM-42-000035,ENT-0007,2025-08-14T22:15:42.223Z,48.46,damaged_in_transit,photo_visual,live_event,35,5,1,21.8,0.2,0.4,0.2,-0.9129,1,1
CLM-42-000036,ENT-0001,2025-08-15T20:40:11.915Z,26.83,quality_dispute,none_provided,live_event,3,11,1,28.37,0.09090909090909091,0.288591,0.090909,-1.447,1,1
CLM-42-000037,ENT-0002,2025-08-16T06:00:56.472Z,63.17,not_as_described,third_party_record,direct_message_offer,99,25,20,1526.71,0.8,0.4,0.28,-1.2247,7,7
CLM-42-000038,ENT-0001,2025-08-16T22:04:38.630Z,60.09,not_received,photo_visual,live_event,4,1,2,55.2,2,0.288591,2,3.7771,2,2
CLM-42-000039,ENT-0001,2025-08-17T08:40:38.299Z,14.86,damaged_in_transit,photo_visual,live_event,5,5,3,115.29,0.6,0.288591,0.6,1.5368,3,3
CLM-42-000040,ENT-0001,2025-08-17T23:53:54.328Z,71.19,not_received,none_provided,live_event,5,4,4,130.15,1,0.288591,1,3.1401,4,4
CLM-42-000041,ENT-0002,2025-08-18T12:41:38.203Z,181.27,damaged_in_transit,none_provided,scheduled_listing,101,15,21,1589.88,1.4,0.4,0.533333,1.0541,8,8
CLM-42-000042,ENT-0001,2025-08-18T13:42:03.501Z,15.17,damaged_in_transit,photo_visual,live_event,6,12,5,201.34,0.4166666666666667,0.288591,0.416667,0.9792,5,5
CLM-42-000043,ENT-0001,2025-08-20T21:10:49.226Z,92.43,damaged_in_transit,photo_visual,live_event,8,8,6,216.51,0.75,0.288591,0.75,2.8802,6,6
CLM-42-000044,ENT-0002,2025-08-21T07:09:34.975Z,38.88,unauthorized_charge,photo_visual,live_event,104,16,22,1771.15,1.375,0.4,0.5,0.8165,8,8
CLM-42-000045,ENT-0002,2025-08-21T20:29:42.057Z,96.69,not_received,photo_visual,live_event,104,20,23,1810.03,1.15,0.4,0.45,0.4564,9,9
CLM-42-000046,ENT-0002,2025-08-21T21:25:57.044Z,22.81,not_as_described,communication_log,direct_message_offer,104,20,24,1906.72,1.2,0.4,0.5,0.9129,10,10
CLM-42-000047,ENT-0001,2025-08-21T22:56:20.395Z,32.73,not_as_described,none_provided,scheduled_listing,9,9,7,308.94,0.7777777777777778,0.288591,0.777778,3.2389,7,7
CLM-42-000048,ENT-0001,2025-08-23T04:21:10.584Z,37.55,not_as_described,third_party_record,live_event,11,12,8,341.67,0.6666666666666666,0.288591,0.666667,2.8905,8,8
CLM-42-000049,ENT-0001,2025-08-23T12:40:49.403Z,34.93,not_received,none_provided,live_event,11,8,9,379.22,1.125,0.288591,1.125,5.2211,9,9
CLM-42-000050,ENT-0007,2025-08-23T13:19:46.358Z,79.94,not_as_described,photo_visual,live_event,44,8,2,70.26,0.25,0.4,0.25,-0.866,2,2
CLM-42-000051,ENT-0009,2025-08-24T04:36:42.071Z,19.91,not_as_described,third_party_record,live_event,75,15,0,0,0,0.4,0,-3.1623,0,0
CLM-42-000052,ENT-0001,2025-08-26T23:03:46.841Z,10.24,not_as_described,photo_visual,scheduled_listing,14,11,10,414.15,0.9090909090909091,0.288591,0.909091,4.5419,10,10
CLM-42-000053,ENT-0016,2025-08-27T09:14:31.498Z,13.82,not_as_described,third_party_record,live_event,73,14,0,0,0,0.4,0,-3.0551,0,0
CLM-42-000054,ENT-0002,2025-08-27T22:37:49.732Z,103.21,not_as_described,photo_visual,live_event,110,23,25,1929.53,1.0869565217391304,0.4,0.391304,-0.0851,9,9
CLM-42-000055,ENT-0001,2025-08-28T14:05:32.341Z,124.04,damaged_in_transit,photo_visual,direct_message_offer,16,13,11,424.39,0.8461538461538461,0.288591,0.846154,4.4367,11,11
CLM-42-000056,ENT-0001,2025-08-29T02:08:13.450Z,14.95,not_as_described,photo_visual,direct_message_offer,17,5,12,548.43,2.4,0.288591,2.4,10.4197,12,12
CLM-42-000057,ENT-0001,2025-08-29T10:53:44.885Z,61.83,not_received,photo_visual,scheduled_listing,17,9,13,563.38,1.4444444444444444,0.288591,1.444444,7.6528,13,13
CLM-42-000058,ENT-0001,2025-08-30T00:20:15.432Z,76.64,not_as_described,photo_visual,live_event,18,7,14,625.21,2,0.288591,2,9.9931,14,14
CLM-42-000059,ENT-0005,2025-08-30T09:05:48.087Z,20.64,not_as_described,photo_visual,live_event,11,12,0,0,0,0.4,0,-2.8284,0,0
CLM-42-000060,ENT-0001,2025-08-31T08:04:29.935Z,22.31,not_as_described,none_provided,scheduled_listing,19,12,15,701.85,1.25,0.288591,1.25,7.3502,15,15
CLM-42-000061,ENT-0019,2025-08-31T10:37:56.841Z,90.11,damaged_in_transit,photo_visual,live_event,78,13,0,0,0,0.4,0,-2.9439,0,0
CLM-42-000062,ENT-0001,2025-09-02T16:30:37.525Z,19.47,not_received,photo_visual,live_event,21,9,16,724.16,1.7777777777777777,0.288591,1.777778,9.8598,16,16
CLM-42-000063,ENT-0014,2025-09-02T17:27:41.874Z,36.31,not_as_described,photo_visual,live_event,24,13,0,0,0,0.212381,0,-1.8723,0,0
CLM-42-000064,ENT-0001,2025-09-03T10:27:58.652Z,383.06,not_as_described,third_party_record,scheduled_listing,22,5,17,743.63,3.4,0.288591,3.4,15.3547,17,17
CLM-42-000065,ENT-0005,2025-09-05T12:05:14.983Z,36.58,not_as_described,none_provided,live_event,17,3,1,20.64,0.3333333333333333,0.4,0.333333,-0.2357,1,1
CLM-42-000066,ENT-0001,2025-09-05T19:34:28.354Z,29.49,not_as_described,communication_log,scheduled_listing,24,13,18,1126.69,1.3846153846153846,0.288591,1.384615,8.7215,18,18
CLM-42-000067,ENT-0001,2025-09-06T03:36:29.247Z,8,unauthorized_charge,third_party_record,live_event,25,10,19,1156.18,1.9,0.288591,1.9,11.2462,19,19
CLM-42-000068,ENT-0002,2025-09-06T07:57:57.299Z,33.3,not_as_described,photo_visual,live_event,120,27,26,2032.74,0.9629629629629629,0.4,0.222222,-1.8856,6,6
CLM-42-000069,ENT-0013,2025-09-06T11:21:06.098Z,15.37,damaged_in_transit,photo_visual,live_event,78,12,1,20.15,0.08333333333333333,0.4,0,-2.8284,0,0
CLM-42-000070,ENT-0036,2025-09-07T00:47:32.542Z,113.34,not_as_described,none_provided,live_event,95,25,0,0,0,0.4,0,-4.0825,0,0
CLM-42-000071,ENT-0001,2025-09-07T18:07:07.266Z,51.18,not_received,photo_visual,scheduled_listing,26,5,20,1164.18,4,0.288591,4,18.3157,20,20
CLM-42-000072,ENT-0001,2025-09-09T07:15:58.301Z,22.08,unauthorized_charge,communication_log,scheduled_listing,28,10,21,1215.36,2.1,0.288591,2.1,12.642,21,21
CLM-42-000073,ENT-0010,2025-09-09T09:12:45.359Z,12.06,damaged_in_transit,photo_visual,live_event,125,20,2,237.65,0.1,0.4,0,-3.6515,0,0
CLM-42-000074,ENT-0009,2025-09-11T19:15:05.956Z,33.39,not_as_described,none_provided,live_event,93,16,1,19.91,0.0625,0.4,0.0625,-2.7557,1,1
CLM-42-000075,ENT-0008,2025-09-13T17:56:33.221Z,35.41,not_received,none_provided,scheduled_listing,6,9,0,0,0,0.4,0,-2.4495,0,0
CLM-42-000076,ENT-0002,2025-09-14T15:26:07.524Z,71.26,damaged_in_transit,communication_log,live_event,128,29,27,2066.04,0.9310344827586207,0.4,0.241379,-1.7436,7,7
CLM-42-000077,ENT-0001,2025-09-15T02:39:10.928Z,10.91,not_as_described,none_provided,live_event,34,13,22,1237.44,1.6923076923076923,0.288591,1.538462,9.9457,20,20
CLM-42-000078,ENT-0001,2025-09-16T12:01:50.648Z,28.55,not_as_described,none_provided,live_event,35,7,23,1248.35,3.2857142857142856,0.288591,2.714286,14.1639,19,19
CLM-42-000079,ENT-0001,2025-09-18T00:42:15.850Z,38.71,not_as_described,none_provided,scheduled_listing,37,10,24,1276.9,2.4,0.288591,1.8,10.5483,18,18
CLM-42-000080,ENT-0007,2025-09-18T15:32:14.734Z,53.62,quality_dispute,photo_visual,scheduled_listing,70,18,3,150.2,0.16666666666666666,0.4,0.055556,-2.983,1,1
CLM-42-000081,ENT-0002,2025-09-19T10:05:23.905Z,38.81,not_received,photo_visual,direct_message_offer,133,31,28,2137.3,0.9032258064516129,0.4,0.193548,-2.3464,6,6
CLM-42-000082,ENT-0001,2025-09-21T01:32:14.160Z,30.98,not_as_described,none_provided,live_event,40,7,25,1315.61,3.5714285714285716,0.288591,2.428571,12.4956,17,17
CLM-42-000083,ENT-0001,2025-09-21T04:50:36.453Z,51.59,damaged_in_transit,photo_visual,live_event,40,15,26,1346.59,1.7333333333333334,0.288591,1.2,7.7904,18,18
CLM-42-000084,ENT-0005,2025-09-22T17:43:18.000Z,90.54,quality_dispute,photo_visual,scheduled_listing,34,10,2,57.22,0.2,0.4,0.2,-1.291,2,2
CLM-42-000085,ENT-0001,2025-09-23T08:15:20.448Z,27.16,not_as_described,photo_visual,scheduled_listing,42,7,27,1398.18,3.857142857142857,0.288591,2.428571,12.4956,17,17
CLM-42-000086,ENT-0011,2025-09-23T13:29:47.532Z,45.01,quality_dispute,none_provided,live_event,133,20,3,76.01,0.15,0.4,0,-3.6515,0,0
CLM-42-000087,ENT-0008,2025-09-24T20:44:09.062Z,12.43,not_received,communication_log,direct_message_offer,17,5,1,35.41,0.2,0.4,0.2,-0.9129,1,1
CLM-42-000088,ENT-0002,2025-09-26T12:52:53.577Z,68.48,not_received,none_provided,live_event,140,21,29,2176.11,1.380952380952381,0.4,0.190476,-1.9599,4,4
CLM-42-000089,ENT-0001,2025-09-26T18:34:40.346Z,8,not_received,none_provided,live_event,45,6,28,1425.34,4.666666666666667,0.288591,2.833333,13.7568,17,17
CLM-42-000090,ENT-0001,2025-09-27T22:41:06.690Z,36.93,damaged_in_transit,photo_visual,live_event,46,13,29,1433.34,2.230769230769231,0.288591,1.307692,8.1094,17,17
CLM-42-000091,ENT-0002,2025-09-28T13:44:27.066Z,18.06,not_as_described,third_party_record,scheduled_listing,142,25,30,2244.59,1.2,0.4,0.16,-2.4495,4,4
CLM-42-000092,ENT-0001,2025-10-02T10:58:39.831Z,13.51,not_as_described,photo_visual,direct_message_offer,51,16,30,1470.27,1.875,0.288591,0.875,5.1768,14,14
CLM-42-000093,ENT-0001,2025-10-02T11:20:46.356Z,23.76,not_as_described,none_provided,live_event,51,18,31,1483.78,1.7222222222222223,0.288591,0.833333,5.1007,15,15
CLM-42-000094,ENT-0001,2025-10-02T12:57:30.503Z,27.71,not_received,none_provided,scheduled_listing,51,17,32,1507.54,1.8823529411764706,0.288591,0.941176,5.9383,16,15
CLM-42-000095,ENT-0001,2025-10-03T18:45:18.159Z,91.98,not_received,none_provided,scheduled_listing,52,17,33,1535.25,1.9411764705882353,0.288591,0.882353,5.403,15,13
CLM-42-000096,ENT-0002,2025-10-04T01:23:29.943Z,61.61,not_received,photo_visual,direct_message_offer,148,31,31,2262.65,1,0.4,0.16129,-2.713,5,5
CLM-42-000097,ENT-0004,2025-10-04T12:36:15.305Z,20.32,not_as_described,communication_log,live_event,5,4,0,0,0,0.4,0,-1.633,0,0
CLM-42-000098,ENT-0002,2025-10-04T20:32:42.000Z,18.97,quality_dispute,third_party_record,scheduled_listing,148,29,32,2324.26,1.103448275862069,0.4,0.206897,-2.1227,6,6
CLM-42-000099,ENT-0028,2025-10-04T21:15:08.637Z,76,not_as_described,photo_visual,live_event,162,24,0,0,0,0.4,0,-4,0,0
CLM-42-000100,ENT-0001,2025-10-04T23:05:28.670Z,24.85,not_as_described,third_party_record,live_event,53,10,34,1627.23,3.4,0.288591,1.6,9.1524,16,14
CLM-42-000101,ENT-0005,2025-10-06T15:14:24.302Z,60.62,unauthorized_charge,photo_visual,direct_message_offer,48,14,3,147.76,0.21428571428571427,0.4,0.071429,-2.5095,1,1
CLM-42-000102,ENT-0001,2025-10-06T16:15:36.891Z,17.08,not_as_described,third_party_record,scheduled_listing,55,14,35,1652.08,2.5,0.288591,1.071429,6.4645,15,13
CLM-42-000103,ENT-0001,2025-10-07T02:24:56.822Z,103,quality_dispute,photo_visual,scheduled_listing,56,14,36,1669.16,2.5714285714285716,0.288591,1.142857,7.0543,16,14
CLM-42-000104,ENT-0012,2025-10-07T04:32:37.034Z,79.5,damaged_in_transit,photo_visual,direct_message_offer,67,18,0,0,0,0.4,0,-3.4641,0,0
CLM-42-000105,ENT-0001,2025-10-08T04:32:57.702Z,26.19,quality_dispute,none_provided,live_event,57,14,37,1772.16,2.642857142857143,0.288591,1.142857,7.0543,16,14
CLM-42-000106,ENT-0035,2025-10-08T12:33:55.908Z,169.36,quality_dispute,photo_visual,live_event,257,39,0,0,0,0.4,0,-5.099,0,0
CLM-42-000107,ENT-0008,2025-10-09T23:39:41.823Z,28.87,not_received,photo_visual,scheduled_listing,32,7,2,47.84,0.2857142857142857,0.4,0.285714,-0.6172,2,2
CLM-42-000108,ENT-0005,2025-10-10T08:03:03.652Z,25.44,not_as_described,photo_visual,live_event,52,12,4,208.38,0.3333333333333333,0.4,0.166667,-1.6499,2,2
CLM-42-000109,ENT-0001,2025-10-10T09:38:51.371Z,100.73,not_received,none_provided,live_event,59,9,38,1798.35,4.222222222222222,0.288591,1.777778,9.8598,16,14
CLM-42-000110,ENT-0005,2025-10-10T20:27:25.768Z,149.06,not_as_described,none_provided,live_event,52,12,5,233.82,0.4166666666666667,0.4,0.25,-1.0607,3,3
CLM-42-000111,ENT-0001,2025-10-11T16:21:58.155Z,98.45,quality_dispute,none_provided,live_event,60,11,39,1899.08,3.5454545454545454,0.288591,1.545455,9.1999,17,15
CLM-42-000112,ENT-0001,2025-10-12T04:59:32.252Z,71.68,quality_dispute,third_party_record,live_event,61,20,40,1997.53,2,0.288591,0.9,6.0346,18,16
CLM-42-000113,ENT-0001,2025-10-12T06:07:16.508Z,64.16,not_as_described,none_provided,scheduled_listing,61,12,41,2069.21,3.4166666666666665,0.288591,1.583333,9.8986,19,17
CLM-42-000114,ENT-0001,2025-10-13T02:41:12.671Z,44.42,not_received,none_provided,direct_message_offer,62,16,42,2133.37,2.625,0.288591,1.25,8.4873,20,17
CLM-42-000115,ENT-0001,2025-10-13T10:07:29.453Z,84.32,unauthorized_charge,third_party_record,live_event,62,11,43,2177.79,3.909090909090909,0.288591,1.909091,11.8616,21,18
CLM-42-000116,ENT-0001,2025-10-15T08:08:21.817Z,45.71,not_as_described,none_provided,live_event,64,13,44,2262.11,3.3846153846153846,0.288591,1.615385,10.5578,21,18
CLM-42-000117,ENT-0007,2025-10-16T13:20:55.894Z,40.81,not_as_described,none_provided,scheduled_listing,98,25,4,203.82,0.16,0.4,0.04,-3.6742,1,1
CLM-42-000118,ENT-0001,2025-10-17T09:53:42.158Z,63.45,not_received,photo_visual,live_event,66,19,45,2307.82,2.3684210526315788,0.288591,1.105263,7.8564,21,18
CLM-42-000119,ENT-0001,2025-10-19T00:58:07.027Z,76.68,not_as_described,photo_visual,scheduled_listing,68,21,46,2371.27,2.1904761904761907,0.288591,1,7.195,21,18
CLM-42-000120,ENT-0001,2025-10-19T04:06:46.397Z,15.17,quality_dispute,photo_visual,scheduled_listing,68,12,47,2447.95,3.9166666666666665,0.288591,1.833333,11.8099,22,19
CLM-42-000121,ENT-0001,2025-10-20T00:27:19.327Z,64.74,quality_dispute,none_provided,direct_message_offer,69,11,48,2463.12,4.363636363636363,0.288591,2.090909,13.1925,23,20
CLM-42-000122,ENT-0001,2025-10-20T10:37:27.224Z,67.47,not_received,none_provided,scheduled_listing,69,13,49,2527.86,3.769230769230769,0.288591,1.846154,12.3941,24,21
CLM-42-000123,ENT-0001,2025-10-22T17:42:59.178Z,27.05,not_received,photo_visual,scheduled_listing,71,18,50,2595.33,2.7777777777777777,0.288591,1.277778,9.2622,23,20
CLM-42-000124,ENT-0001,2025-10-23T05:44:15.924Z,49.24,damaged_in_transit,photo_visual,scheduled_listing,72,14,51,2622.38,3.642857142857143,0.288591,1.714286,11.7731,24,21
CLM-42-000125,ENT-0002,2025-10-23T08:32:34.606Z,63.64,damaged_in_transit,photo_visual,live_event,167,29,33,2343.23,1.1379310344827587,0.4,0.137931,-2.8808,4,4
CLM-42-000126,ENT-0001,2025-10-23T18:25:02.421Z,67.82,unauthorized_charge,photo_visual,live_event,72,17,52,2671.62,3.0588235294117645,0.288591,1.411765,10.2205,24,21
CLM-42-000127,ENT-0001,2025-10-24T01:24:45.025Z,58.75,not_as_described,photo_visual,live_event,73,22,53,2739.44,2.409090909090909,0.288591,1.136364,8.7759,25,22
CLM-42-000128,ENT-0025,2025-10-24T21:36:40.626Z,22.72,quality_dispute,photo_visual,live_event,79,13,0,0,0,0.4,0,-2.9439,0,0
CLM-42-000129,ENT-0001,2025-10-24T23:20:28.726Z,67.67,damaged_in_transit,photo_visual,live_event,73,11,54,2798.19,4.909090909090909,0.288591,2.363636,15.1888,26,23
CLM-42-000130,ENT-0001,2025-10-25T03:09:01.280Z,34.19,damaged_in_transit,photo_visual,live_event,74,18,55,2865.86,3.0555555555555554,0.288591,1.5,11.343,27,24
CLM-42-000131,ENT-0011,2025-10-25T09:52:03.967Z,82.11,damaged_in_transit,photo_visual,live_event,165,30,4,121.02,0.13333333333333333,0.4,0,-4.4721,0,0
CLM-42-000132,ENT-0016,2025-10-25T17:03:15.189Z,105.63,not_as_described,communication_log,live_event,132,24,1,13.82,0.041666666666666664,0.4,0,-4,0,0
CLM-42-000133,ENT-0009,2025-10-26T01:11:39.748Z,217.91,not_as_described,none_provided,live_event,138,31,2,53.3,0.06451612903225806,0.4,0,-4.5461,0,0
CLM-42-000134,ENT-0001,2025-10-27T02:22:21.804Z,36.21,not_received,none_provided,live_event,76,18,56,2900.05,3.111111111111111,0.288591,1.5,11.343,27,24
CLM-42-000135,ENT-0002,2025-10-28T17:46:12.347Z,25.85,not_as_described,photo_visual,scheduled_listing,172,34,34,2406.87,1,0.4,0.088235,-3.7107,3,3
CLM-42-000136,ENT-0002,2025-10-28T22:16:55.494Z,84.06,not_as_described,communication_log,scheduled_listing,172,26,35,2432.72,1.3461538461538463,0.4,0.153846,-2.5621,4,4
CLM-42-000137,ENT-0012,2025-10-29T14:50:50.481Z,60.77,not_as_described,photo_visual,direct_message_offer,89,24,1,79.5,0.041666666666666664,0.4,0.041667,-3.5833,1,1
CLM-42-000138,ENT-0001,2025-10-29T16:22:28.626Z,23.22,damaged_in_transit,photo_visual,live_event,78,23,57,2936.26,2.4782608695652173,0.288591,1.173913,9.3705,27,24
CLM-42-000139,ENT-0008,2025-10-30T14:21:23.111Z,36.7,not_as_described,photo_visual,live_event,53,16,3,76.71,0.1875,0.4,0.0625,-2.7557,1,1
CLM-42-000140,ENT-0001,2025-10-30T22:27:59.216Z,48.13,not_as_described,third_party_record,scheduled_listing,79,13,58,2959.48,4.461538461538462,0.288591,2.153846,14.8426,28,25
CLM-42-000141,ENT-0001,2025-10-31T11:05:24.088Z,245.19,not_as_described,photo_visual,live_event,80,18,59,3007.61,3.2777777777777777,0.288591,1.611111,12.3833,29,26
CLM-42-000142,ENT-0009,2025-10-31T18:11:17.769Z,45.3,damaged_in_transit,photo_visual,live_event,143,21,3,271.21,0.14285714285714285,0.4,0.047619,-3.2962,1,1
CLM-42-000143,ENT-0004,2025-10-31T21:49:48.853Z,25.65,not_as_described,third_party_record,scheduled_listing,32,9,1,20.32,0.1111111111111111,0.4,0.111111,-1.7691,1,1
CLM-42-000144,ENT-0001,2025-11-01T00:10:34.326Z,42.14,not_received,none_provided,live_event,81,15,60,3252.8,4,0.288591,2,14.6285,30,27
CLM-42-000145,ENT-0002,2025-11-02T14:06:19.792Z,28.01,not_as_described,photo_visual,scheduled_listing,177,30,36,2516.78,1.2,0.4,0.166667,-2.6087,5,5
CLM-42-000146,ENT-0002,2025-11-02T19:53:05.886Z,36.05,unauthorized_charge,none_provided,scheduled_listing,177,29,37,2544.79,1.2758620689655173,0.4,0.206897,-2.1227,6,6
CLM-42-000147,ENT-0004,2025-11-03T09:02:35.899Z,54.14,not_received,photo_visual,scheduled_listing,35,8,2,45.97,0.25,0.4,0.25,-0.866,2,2
CLM-42-000148,ENT-0012,2025-11-03T10:00:16.775Z,64.09,damaged_in_transit,photo_visual,scheduled_listing,94,18,2,140.27,0.1111111111111111,0.4,0.111111,-2.5019,2,2
CLM-42-000149,ENT-0011,2025-11-05T01:44:43.327Z,89.01,quality_dispute,none_provided,live_event,176,30,5,203.13,0.16666666666666666,0.4,0.033333,-4.0995,1,1
CLM-42-000150,ENT-0013,2025-11-05T17:38:01.578Z,30.53,quality_dispute,photo_visual,live_event,138,26,2,35.52,0.07692307692307693,0.4,0,-4.1633,0,0
CLM-42-000151,ENT-0004,2025-11-06T02:06:22.849Z,59.1,not_received,photo_visual,scheduled_listing,38,6,3,100.11,0.5,0.4,0.333333,-0.3333,2,2
CLM-42-000152,ENT-0002,2025-11-06T02:51:37.094Z,44.32,damaged_in_transit,third_party_record,direct_message_offer,181,36,38,2580.84,1.0555555555555556,0.4,0.138889,-3.1979,5,5
CLM-42-000153,ENT-0027,2025-11-08T03:01:58.465Z,91.32,not_as_described,photo_visual,live_event,83,13,0,0,0,0.4,0,-2.9439,0,0
CLM-42-000154,ENT-0109,2025-11-09T05:04:44.721Z,23.06,damaged_in_transit,photo_visual,scheduled_listing,89,20,0,0,0,0.28243,0,-2.8057,0,0
CLM-42-000155,ENT-0003,2025-11-09T17:47:33.369Z,71.7,not_as_described,photo_visual,live_event,8,10,0,0,0,0.4,0,-2.582,0,0
CLM-42-000156,ENT-0001,2025-11-10T04:38:39.141Z,17.69,not_as_described,photo_visual,scheduled_listing,90,14,61,3294.94,4.357142857142857,0.288591,1.571429,10.5934,22,21
CLM-42-000157,ENT-0004,2025-11-10T08:24:13.321Z,42.79,quality_dispute,photo_visual,live_event,42,9,4,159.21,0.4444444444444444,0.4,0.333333,-0.4082,3,3
CLM-42-000158,ENT-0001,2025-11-10T16:01:39.753Z,18.63,not_as_described,none_provided,scheduled_listing,90,19,62,3312.63,3.263157894736842,0.288591,1.210526,8.869,23,22
CLM-42-000159,ENT-0010,2025-11-11T00:17:27.713Z,38.38,not_as_described,third_party_record,scheduled_listing,188,29,3,249.71,0.10344827586206896,0.4,0,-4.397,0,0
CLM-42-000160,ENT-0012,2025-11-11T01:44:48.502Z,8,not_as_described,photo_visual,live_event,102,25,3,204.36,0.12,0.4,0.08,-3.266,2,2
CLM-42-000161,ENT-0001,2025-11-12T11:14:57.597Z,57.02,not_received,communication_log,live_event,92,18,63,3331.26,3.5,0.288591,1.055556,7.1814,19,19
CLM-42-000162,ENT-0003,2025-11-13T00:59:22.718Z,180.97,not_as_described,none_provided,scheduled_listing,12,5,1,71.7,0.2,0.4,0.2,-0.9129,1,1
CLM-42-000163,ENT-0001,2025-11-14T15:41:30.258Z,15.56,not_as_described,none_provided,scheduled_listing,94,22,64,3388.28,2.909090909090909,0.288591,0.863636,5.9527,19,19
CLM-42-000164,ENT-0004,2025-11-14T17:59:18.331Z,8,not_as_described,third_party_record,live_event,46,16,5,202,0.3125,0.4,0.25,-1.2247,4,4
CLM-42-000165,ENT-0002,2025-11-14T22:30:44.311Z,33.28,not_as_described,communication_log,live_event,189,31,39,2625.16,1.2580645161290323,0.4,0.193548,-2.3464,6,6
CLM-42-000166,ENT-0003,2025-11-14T23:14:33.504Z,37.19,damaged_in_transit,photo_visual,direct_message_offer,13,4,2,252.67,0.5,0.4,0.5,0.4082,2,2
CLM-42-000167,ENT-0001,2025-11-15T06:09:00.675Z,36.37,quality_dispute,none_provided,live_event,95,19,65,3403.84,3.4210526315789473,0.288591,1.052632,7.3501,20,20
CLM-42-000168,ENT-0005,2025-11-15T07:04:27.506Z,27.1,not_as_described,photo_visual,live_event,88,20,6,382.88,0.3,0.4,0,-3.6515,0,0
CLM-42-000169,ENT-0001,2025-11-15T12:22:55.729Z,122.43,not_received,third_party_record,scheduled_listing,95,20,66,3440.21,3.3,0.288591,1.05,7.5151,21,21
CLM-42-000170,ENT-0002,2025-11-15T22:20:33.589Z,39.47,not_as_described,third_party_record,scheduled_listing,190,36,40,2658.44,1.1111111111111112,0.4,0.194444,-2.5175,7,7
CLM-42-000171,ENT-0001,2025-11-16T20:10:07.683Z,74.38,not_as_described,photo_visual,direct_message_offer,96,19,67,3562.64,3.526315789473684,0.288591,1.105263,7.8564,21,21
CLM-42-000172,ENT-0004,2025-11-17T05:43:12.093Z,192.79,not_received,photo_visual,live_event,49,13,6,210,0.46153846153846156,0.4,0.384615,-0.1132,5,5
CLM-42-000173,ENT-0002,2025-11-17T17:28:39.725Z,8,quality_dispute,none_provided,scheduled_listing,192,40,41,2697.91,1.025,0.4,0.2,-2.582,8,8
CLM-42-000174,ENT-0002,2025-11-17T19:48:55.881Z,67.6,not_as_described,none_provided,live_event,192,38,42,2705.91,1.105263157894737,0.4,0.236842,-2.053,9,9
CLM-42-000175,ENT-0001,2025-11-18T02:18:29.762Z,51.68,not_received,third_party_record,live_event,98,25,68,3637.02,2.72,0.288591,0.84,6.0848,21,21
CLM-42-000176,ENT-0004,2025-11-18T04:09:47.454Z,64.68,damaged_in_transit,none_provided,live_event,50,9,7,402.79,0.7777777777777778,0.4,0.666667,1.633,6,6
CLM-42-000177,ENT-0004,2025-11-18T11:28:39.694Z,77.14,damaged_in_transit,photo_visual,live_event,50,15,8,467.47,0.5333333333333333,0.4,0.466667,0.527,7,7
CLM-42-000178,ENT-0001,2025-11-18T18:16:12.364Z,691.07,not_as_described,third_party_record,scheduled_listing,98,22,69,3688.7,3.1363636363636362,0.288591,0.954545,6.8937,21,21
CLM-42-000179,ENT-0001,2025-11-18T22:12:12.745Z,49.88,quality_dispute,third_party_record,live_event,98,19,70,4379.77,3.6842105263157894,0.288591,1.157895,8.3627,22,22
CLM-42-000180,ENT-0002,2025-11-19T01:00:45.447Z,113.36,not_as_described,photo_visual,live_event,194,30,43,2773.51,1.4333333333333333,0.4,0.333333,-0.7454,10,9
CLM-42-000181,ENT-0001,2025-11-19T06:00:40.637Z,16.44,not_as_described,communication_log,live_event,99,24,71,4429.65,2.9583333333333335,0.288591,0.916667,6.7907,22,22
CLM-42-000182,ENT-0004,2025-11-22T10:45:54.222Z,46.68,not_as_described,none_provided,scheduled_listing,54,10,9,544.61,0.9,0.4,0.8,2.582,8,8
CLM-42-000183,ENT-0001,2025-11-22T19:55:57.586Z,36.79,not_as_described,third_party_record,live_event,102,27,72,4446.09,2.6666666666666665,0.288591,0.703704,4.7604,19,19
CLM-42-000184,ENT-0001,2025-11-22T21:37:13.623Z,214.98,damaged_in_transit,photo_visual,live_event,102,16,73,4482.88,4.5625,0.288591,1.25,8.4873,20,20
CLM-42-000185,ENT-0017,2025-11-24T03:05:56.850Z,61.96,unauthorized_charge,none_provided,live_event,160,30,0,0,0,0.4,0,-4.4721,0,0
CLM-42-000186,ENT-0001,2025-11-24T08:45:37.731Z,21.53,not_as_described,photo_visual,scheduled_listing,104,23,74,4697.86,3.217391304347826,0.288591,0.782609,5.2288,18,17
CLM-42-000187,ENT-0004,2025-11-25T15:26:49.519Z,21.5,not_as_described,photo_visual,live_event,57,10,10,591.29,1,0.4,0.9,3.2275,9,9
CLM-42-000188,ENT-0001,2025-11-26T00:36:18.585Z,75.42,quality_dispute,none_provided,direct_message_offer,106,16,75,4719.39,4.6875,0.288591,1.1875,7.9355,19,18
CLM-42-000189,ENT-0003,2025-11-26T06:32:41.765Z,849.87,not_as_described,third_party_record,live_event,25,12,3,289.86,0.25,0.4,0.25,-1.0607,3,3
CLM-42-000190,ENT-0165,2025-11-26T14:15:26.132Z,46.11,not_received,photo_visual,scheduled_listing,150,29,0,0,0,0.394834,0,-4.3498,0,0
CLM-42-000191,ENT-0001,2025-11-27T11:35:24.974Z,18.1,damaged_in_transit,communication_log,direct_message_offer,107,22,76,4794.81,3.4545454545454546,0.288591,0.863636,5.9527,19,18
CLM-42-000192,ENT-0001,2025-11-27T13:11:23.873Z,103.57,damaged_in_transit,photo_visual,scheduled_listing,107,23,77,4812.91,3.347826086956522,0.288591,0.869565,6.1492,20,19
CLM-42-000193,ENT-0006,2025-11-27T16:03:37.853Z,193.18,unauthorized_charge,photo_visual,live_event,6,3,0,0,0,0.4,0,-1.4142,0,0
CLM-42-000194,ENT-0005,2025-11-28T01:17:47.569Z,30.09,not_as_described,photo_visual,live_event,101,21,7,409.98,0.3333333333333333,0.4,0.047619,-3.2962,1,1
CLM-42-000195,ENT-0002,2025-11-28T06:22:02.655Z,39.94,damaged_in_transit,photo_visual,scheduled_listing,203,37,44,2886.87,1.1891891891891893,0.4,0.216216,-2.2819,8,7
CLM-42-000196,ENT-0008,2025-11-28T13:05:28.196Z,32.18,not_as_described,photo_visual,scheduled_listing,82,21,4,113.41,0.19047619047619047,0.4,0.047619,-3.2962,1,1
CLM-42-000197,ENT-0001,2025-11-28T19:30:00.489Z,33.42,quality_dispute,photo_visual,live_event,108,20,78,4916.48,3.9,0.288591,1,7.0216,20,18
CLM-42-000198,ENT-0001,2025-11-30T07:59:30.391Z,29.8,damaged_in_transit,photo_visual,live_event,110,27,79,4949.9,2.925925925925926,0.288591,0.740741,5.1852,20,18
CLM-42-000199,ENT-0001,2025-11-30T08:49:41.504Z,8,not_received,third_party_record,scheduled_listing,110,19,80,4979.7,4.2105263157894735,0.288591,1.105263,7.8564,21,19
CLM-42-000200,ENT-0002,2025-11-30T13:32:59.573Z,43.37,not_as_described,photo_visual,live_event,205,39,45,2926.81,1.1538461538461537,0.4,0.230769,-2.1573,9,8
CLM-42-000201,ENT-0002,2025-11-30T22:46:55.829Z,26.47,quality_dispute,third_party_record,live_event,205,38,46,2970.18,1.2105263157894737,0.4,0.263158,-1.7219,10,9
CLM-42-000202,ENT-0005,2025-12-01T15:53:02.559Z,60.03,not_as_described,communication_log,direct_message_offer,104,18,8,440.07,0.4444444444444444,0.4,0.111111,-2.5019,2,2
CLM-42-000203,ENT-0001,2025-12-02T01:06:34.179Z,429.04,not_received,photo_visual,scheduled_listing,112,24,81,4987.7,3.375,0.288591,0.833333,5.8897,20,18
CLM-42-000204,ENT-0001,2025-12-02T01:08:08.571Z,58.74,not_received,photo_visual,live_event,112,19,82,5416.74,4.315789473684211,0.288591,1.105263,7.8564,21,19
CLM-42-000205,ENT-0024,2025-12-02T15:41:44.204Z,736.16,not_as_described,photo_visual,scheduled_listing,145,25,0,0,0,0.374863,0,-3.8719,0,0
CLM-42-000206,ENT-0011,2025-12-03T19:40:09.351Z,63.2,not_as_described,photo_visual,scheduled_listing,204,41,6,292.14,0.14634146341463414,0.4,0.02439,-4.9093,1,1
CLM-42-000207,ENT-0004,2025-12-03T20:41:08.146Z,65.63,not_as_described,none_provided,live_event,65,12,11,612.79,0.9166666666666666,0.4,0.666667,1.8856,8,8
CLM-42-000208,ENT-0001,2025-12-04T03:30:55.039Z,12.91,not_received,third_party_record,scheduled_listing,114,26,83,5475.48,3.1923076923076925,0.288591,0.846154,6.2745,22,19
CLM-42-000209,ENT-0002,2025-12-04T06:44:30.171Z,8,not_received,communication_log,live_event,209,40,47,2996.65,1.175,0.4,0.225,-2.2592,9,8
CLM-42-000210,ENT-0001,2025-12-04T11:26:13.370Z,75.85,not_as_described,communication_log,scheduled_listing,114,20,84,5488.39,4.2,0.288591,1.15,8.502,23,20
CLM-42-000211,ENT-0006,2025-12-04T14:44:18.149Z,24.94,not_as_described,none_provided,live_event,13,5,1,193.18,0.2,0.4,0.2,-0.9129,1,1
CLM-42-000212,ENT-0001,2025-12-05T02:56:08.582Z,34.99,not_as_described,communication_log,scheduled_listing,115,25,85,5564.24,3.4,0.288591,0.96,7.4089,24,21
CLM-42-000213,ENT-0001,2025-12-06T01:25:38.607Z,38.65,not_received,none_provided,scheduled_listing,116,26,86,5599.23,3.3076923076923075,0.288591,0.961538,7.573,25,22
CLM-42-000214,ENT-0003,2025-12-08T02:41:06.490Z,33.21,not_received,third_party_record,scheduled_listing,37,15,4,1139.73,0.26666666666666666,0.4,0.266667,-1.0541,4,4
CLM-42-000215,ENT-0003,2025-12-09T00:33:28.728Z,14.23,not_received,photo_visual,live_event,38,10,5,1172.94,0.5,0.4,0.5,0.6455,5,5
CLM-42-000216,ENT-0002,2025-12-10T00:56:50.904Z,179.87,not_as_described,photo_visual,live_event,215,38,48,3004.65,1.263157894736842,0.4,0.236842,-2.053,9,8
CLM-42-000217,ENT-0007,2025-12-10T16:55:12.298Z,76.4,not_received,photo_visual,live_event,153,31,5,244.63,0.16129032258064516,0.4,0,-4.5461,0,0
CLM-42-000218,ENT-0001,2025-12-10T23:20:00.981Z,11.03,unauthorized_charge,third_party_record,scheduled_listing,120,21,87,5637.88,4.142857142857143,0.288591,1.142857,8.6398,24,21
CLM-42-000219,ENT-0004,2025-12-10T23:45:21.339Z,46.98,not_as_described,photo_visual,live_event,72,14,12,678.42,0.8571428571428571,0.4,0.5,0.7638,7,7
CLM-42-000220,ENT-0014,2025-12-11T01:52:37.564Z,16.29,not_received,third_party_record,scheduled_listing,124,26,1,36.31,0.038461538461538464,0.212381,0,-2.6478,0,0
CLM-42-000221,ENT-0004,2025-12-11T08:56:27.081Z,15.69,not_received,third_party_record,live_event,73,16,13,725.4,0.8125,0.4,0.5,0.8165,8,8
CLM-42-000222,ENT-0001,2025-12-11T11:55:42.691Z,46.05,not_received,photo_visual,live_event,121,21,88,5648.91,4.190476190476191,0.288591,1.190476,9.1214,25,22
CLM-42-000223,ENT-0001,2025-12-13T01:59:01.761Z,8.16,damaged_in_transit,none_provided,live_event,123,23,89,5694.96,3.869565217391304,0.288591,1.086957,8.4502,25,22
CLM-42-000224,ENT-0001,2025-12-13T08:08:45.083Z,65.28,not_as_described,none_provided,live_event,123,20,90,5703.12,4.5,0.288591,1.3,9.9825,26,23
CLM-42-000225,ENT-0008,2025-12-13T20:01:37.258Z,44.23,not_received,third_party_record,direct_message_offer,97,24,5,145.59,0.20833333333333334,0.4,0.041667,-3.5833,1,1
CLM-42-000226,ENT-0004,2025-12-13T20:16:42.407Z,32.51,not_received,third_party_record,live_event,75,23,14,741.09,0.6086956521739131,0.4,0.391304,-0.0851,9,9
CLM-42-000227,ENT-0016,2025-12-14T19:16:07.586Z,45.41,damaged_in_transit,none_provided,live_event,182,28,2,119.45,0.07142857142857142,0.4,0,-4.3205,0,0
CLM-42-000228,ENT-0003,2025-12-15T21:47:42.920Z,30.91,not_received,communication_log,live_event,44,7,6,1187.17,0.8571428571428571,0.4,0.428571,0.1543,3,3
CLM-42-000229,ENT-0010,2025-12-16T11:54:47.731Z,20.95,damaged_in_transit,photo_visual,scheduled_listing,223,38,4,288.09,0.10526315789473684,0.4,0,-5.0332,0,0
CLM-42-000230,ENT-0003,2025-12-16T21:22:31.144Z,20.16,not_as_described,none_provided,scheduled_listing,45,9,7,1218.08,0.7777777777777778,0.4,0.444444,0.2722,4,4
CLM-42-000231,ENT-0012,2025-12-17T07:34:04.809Z,32.49,not_as_described,photo_visual,live_event,138,30,4,212.36,0.13333333333333333,0.4,0,-4.4721,0,0
CLM-42-000232,ENT-0007,2025-12-18T01:27:51.160Z,20.29,quality_dispute,none_provided,live_event,161,30,6,321.03,0.2,0.4,0.033333,-4.0995,1,1
CLM-42-000233,ENT-0001,2025-12-19T01:02:32.425Z,63.07,not_as_described,photo_visual,live_event,129,20,91,5768.4,4.55,0.288591,1,7.0216,20,17
CLM-42-000234,ENT-0001,2025-12-19T01:38:09.366Z,56.97,damaged_in_transit,photo_visual,live_event,129,22,92,5831.47,4.181818181818182,0.288591,0.954545,6.8937,21,18
CLM-42-000235,ENT-0017,2025-12-19T01:53:10.352Z,12.6,damaged_in_transit,photo_visual,direct_message_offer,185,36,1,61.96,0.027777777777777776,0.4,0.027778,-4.5588,1,1
CLM-42-000236,ENT-0002,2025-12-19T02:48:53.906Z,13.39,unauthorized_charge,third_party_record,live_event,224,39,49,3184.52,1.2564102564102564,0.4,0.128205,-3.4647,5,5
CLM-42-000237,ENT-0001,2025-12-19T04:33:47.425Z,57.75,not_received,photo_visual,live_event,129,22,93,5888.44,4.2272727272727275,0.288591,1,7.3643,22,18
CLM-42-000238,ENT-0002,2025-12-19T17:20:36.923Z,147.04,not_as_described,none_provided,live_event,224,45,50,3197.91,1.1111111111111112,0.4,0.133333,-3.6515,6,6
CLM-42-000239,ENT-0001,2025-12-20T03:59:41.245Z,99.29,damaged_in_transit,communication_log,live_event,130,28,94,5946.19,3.357142857142857,0.288591,0.785714,5.8055,22,18
CLM-42-000240,ENT-0001,2025-12-21T04:01:19.748Z,24.59,not_received,third_party_record,live_event,131,27,95,6045.48,3.5185185185185186,0.288591,0.851852,6.4594,23,19
CLM-42-000241,ENT-0024,2025-12-21T19:57:30.819Z,126.07,quality_dispute,photo_visual,live_event,164,26,1,736.16,0.038461538461538464,0.374863,0.038462,-3.5434,1,1
CLM-42-000242,ENT-0001,2025-12-22T04:20:11.371Z,23.87,not_received,none_provided,live_event,132,31,96,6070.07,3.096774193548387,0.288591,0.774194,5.9671,24,20
CLM-42-000243,ENT-0007,2025-12-22T09:23:13.467Z,80.51,not_as_described,third_party_record,scheduled_listing,165,25,7,341.32,0.28,0.4,0.08,-3.266,2,2
CLM-42-000244,ENT-0001,2025-12-23T02:15:50.116Z,19.5,damaged_in_transit,third_party_record,live_event,133,25,97,6093.94,3.88,0.288591,0.92,6.9675,23,20
CLM-42-000245,ENT-0030,2025-12-23T05:56:20.630Z,28.94,not_received,none_provided,scheduled_listing,150,27,1,30.44,0.037037037037037035,0.27684,0,-3.215,0,0
CLM-42-000246,ENT-0003,2025-12-23T09:09:07.363Z,10.61,not_as_described,third_party_record,live_event,52,13,8,1238.24,0.6153846153846154,0.4,0.384615,-0.1132,5,5
CLM-42-000247,ENT-0006,2025-12-24T00:32:49.535Z,159.03,not_received,none_provided,live_event,33,6,2,218.12,0.3333333333333333,0.4,0.333333,-0.3333,2,2
CLM-42-000248,ENT-0008,2025-12-24T11:23:00.870Z,65.18,not_as_described,third_party_record,scheduled_listing,108,25,6,189.82,0.24,0.4,0.08,-3.266,2,2
CLM-42-000249,ENT-0003,2025-12-24T21:57:55.791Z,16.28,not_as_described,photo_visual,live_event,53,13,9,1248.85,0.6923076923076923,0.4,0.461538,0.4529,6,6
CLM-42-000250,ENT-0001,2025-12-26T05:39:21.677Z,197.89,damaged_in_transit,none_provided,scheduled_listing,136,30,98,6113.44,3.2666666666666666,0.288591,0.733333,5.3761,22,19
CLM-42-000251,ENT-0001,2025-12-26T09:41:26.622Z,38.61,not_as_described,third_party_record,live_event,136,25,99,6311.33,3.96,0.288591,0.92,6.9675,23,20
CLM-42-000252,ENT-0001,2025-12-27T07:19:42.991Z,32.62,damaged_in_transit,third_party_record,live_event,137,23,100,6349.94,4.3478260869565215,0.288591,1.043478,7.99,24,21
CLM-42-000253,ENT-0003,2025-12-27T12:09:48.484Z,19.14,not_received,third_party_record,scheduled_listing,56,12,10,1265.13,0.8333333333333334,0.4,0.5,0.7071,6,6
CLM-42-000254,ENT-0002,2025-12-27T22:42:59.427Z,92.58,not_as_described,photo_visual,direct_message_offer,232,43,51,3344.95,1.186046511627907,0.4,0.162791,-3.1751,7,7
CLM-42-000255,ENT-0004,2025-12-28T19:15:25.504Z,162.6,not_as_described,none_provided,scheduled_listing,90,22,15,773.6,0.6818181818181818,0.4,0.181818,-2.0889,4,4
CLM-42-000256,ENT-0005,2025-12-29T13:58:52.081Z,92.21,not_as_described,none_provided,direct_message_offer,132,23,9,500.1,0.391304347826087,0.4,0.043478,-3.4902,1,1
CLM-42-000257,ENT-0006,2025-12-29T18:03:36.569Z,70.09,not_as_described,none_provided,live_event,38,14,3,377.15,0.21428571428571427,0.4,0.142857,-1.964,2,2
CLM-42-000258,ENT-0001,2025-12-30T19:09:04.366Z,343.65,not_as_described,none_provided,direct_message_offer,140,24,101,6382.56,4.208333333333333,0.288591,0.833333,5.8897,20,18
CLM-42-000259,ENT-0006,2026-01-01T01:59:10.721Z,41.94,not_as_described,photo_visual,scheduled_listing,41,13,4,447.24,0.3076923076923077,0.4,0.230769,-1.2455,3,3
CLM-42-000260,ENT-0010,2026-01-01T08:28:59.603Z,31.26,not_received,photo_visual,live_event,239,37,5,309.04,0.13513513513513514,0.4,0.027027,-4.631,1,1
CLM-42-000261,ENT-0008,2026-01-01T09:47:31.639Z,8.81,not_received,none_provided,live_event,116,26,7,255,0.2692307692307692,0.4,0.076923,-3.3627,2,2
CLM-42-000262,ENT-0002,2026-01-03T05:55:15.288Z,26.19,not_received,none_provided,direct_message_offer,239,40,52,3437.53,1.3,0.4,0.125,-3.5502,5,5
CLM-42-000263,ENT-0002,2026-01-03T18:26:18.018Z,8,not_as_described,photo_visual,scheduled_listing,239,45,53,3463.72,1.1777777777777778,0.4,0.111111,-3.9558,5,5
CLM-42-000264,ENT-0009,2026-01-04T06:36:22.518Z,64.7,damaged_in_transit,third_party_record,scheduled_listing,208,36,4,316.51,0.1111111111111111,0.4,0,-4.899,0,0
CLM-42-000265,ENT-0006,2026-01-04T08:15:48.364Z,86.66,not_received,none_provided,direct_message_offer,44,10,5,489.18,0.5,0.4,0.3,-0.6455,3,3
CLM-42-000266,ENT-0001,2026-01-04T15:52:51.621Z,131.92,not_received,photo_visual,scheduled_listing,145,27,102,6726.21,3.7777777777777777,0.288591,0.592593,3.4862,16,15
CLM-42-000267,ENT-0008,2026-01-04T20:44:11.110Z,20.86,not_as_described,photo_visual,live_event,119,25,8,263.81,0.32,0.4,0.12,-2.8577,3,3
CLM-42-000268,ENT-0009,2026-01-05T13:22:03.073Z,15.52,damaged_in_transit,photo_visual,live_event,209,37,5,381.21,0.13513513513513514,0.4,0.027027,-4.631,1,1
CLM-42-000269,ENT-0001,2026-01-06T04:13:09.589Z,17.24,not_received,photo_visual,live_event,147,28,103,6858.13,3.6785714285714284,0.288591,0.571429,3.3031,16,15
CLM-42-000270,ENT-0021,2026-01-06T08:00:52.663Z,69.49,not_received,photo_visual,live_event,215,36,0,0,0,0.4,0,-4.899,0,0
CLM-42-000271,ENT-0038,2026-01-07T08:39:53.160Z,14.46,unauthorized_charge,communication_log,scheduled_listing,182,32,0,0,0,0.248897,0,-3.2564,0,0
CLM-42-000272,ENT-0001,2026-01-08T02:27:30.394Z,10.8,not_received,third_party_record,live_event,149,30,104,6875.37,3.466666666666667,0.288591,0.566667,3.3614,17,16
CLM-42-000273,ENT-0003,2026-01-08T03:54:19.967Z,8,not_received,photo_visual,live_event,68,17,11,1284.27,0.6470588235294118,0.4,0.294118,-0.8911,5,5
CLM-42-000274,ENT-0001,2026-01-08T13:39:56.307Z,8,not_as_described,none_provided,live_event,149,30,105,6886.17,3.5,0.288591,0.6,3.7644,18,17
CLM-42-000275,ENT-0015,2026-01-08T22:38:07.519Z,235.9,not_received,photo_visual,live_event,17,8,0,0,0,0.194215,0,-1.3886,0,0
CLM-42-000276,ENT-0001,2026-01-09T02:19:00.611Z,27.23,unauthorized_charge,communication_log,live_event,150,25,106,6894.17,4.24,0.288591,0.76,5.202,19,18
CLM-42-000277,ENT-0003,2026-01-09T03:25:03.878Z,28.56,unauthorized_charge,third_party_record,live_event,69,11,12,1292.27,1.0909090909090908,0.4,0.545455,0.9847,6,6
CLM-42-000278,ENT-0003,2026-01-10T07:26:10.779Z,75.32,not_as_described,photo_visual,live_event,70,12,13,1320.83,1.0833333333333333,0.4,0.583333,1.2964,7,7
CLM-42-000279,ENT-0008,2026-01-11T13:23:24.347Z,36.92,not_received,none_provided,scheduled_listing,126,29,9,284.67,0.3103448275862069,0.4,0.137931,-2.8808,4,4
CLM-42-000280,ENT-0002,2026-01-11T20:28:03.761Z,10.95,not_received,communication_log,scheduled_listing,247,40,54,3471.72,1.35,0.4,0.125,-3.5502,5,5
CLM-42-000281,ENT-0032,2026-01-13T09:38:17.142Z,61.5,not_as_described,third_party_record,live_event,35,9,0,0,0,0.4,0,-2.4495,0,0
CLM-42-000282,ENT-0046,2026-01-13T22:28:09.728Z,94.66,damaged_in_transit,photo_visual,live_event,57,16,0,0,0,0.4,0,-3.266,0,0
CLM-42-000283,ENT-0006,2026-01-15T22:25:23.266Z,63.66,not_as_described,third_party_record,scheduled_listing,55,13,6,575.84,0.46153846153846156,0.4,0.307692,-0.6794,4,4
CLM-42-000284,ENT-0010,2026-01-15T23:21:49.031Z,25.61,unauthorized_charge,third_party_record,live_event,253,38,6,340.3,0.15789473684210525,0.4,0.026316,-4.7021,1,1
CLM-42-000285,ENT-0015,2026-01-16T21:14:17.785Z,29.06,not_as_described,none_provided,direct_message_offer,25,7,1,235.9,0.14285714285714285,0.194215,0.142857,-0.3435,1,1
CLM-42-000286,ENT-0001,2026-01-17T02:31:07.263Z,38.78,not_received,none_provided,live_event,158,30,107,6921.4,3.566666666666667,0.288591,0.533333,2.9585,16,15
CLM-42-000287,ENT-0001,2026-01-17T06:33:39.364Z,20.28,quality_dispute,photo_visual,live_event,158,30,108,6960.18,3.6,0.288591,0.566667,3.3614,17,16
CLM-42-000288,ENT-0001,2026-01-18T05:20:34.874Z,23.86,not_received,photo_visual,direct_message_offer,159,30,109,6980.46,3.6333333333333333,0.288591,0.5,2.5555,15,15
CLM-42-000289,ENT-0001,2026-01-19T03:57:24.581Z,8.87,damaged_in_transit,none_provided,scheduled_listing,160,26,110,7004.32,4.230769230769231,0.288591,0.615385,3.6776,16,16
CLM-42-000290,ENT-0001,2026-01-19T16:04:49.208Z,46.78,damaged_in_transit,photo_visual,live_event,160,34,111,7013.19,3.264705882352941,0.288591,0.470588,2.3421,16,16
CLM-42-000291,ENT-0001,2026-01-21T04:47:30.508Z,36.17,damaged_in_transit,none_provided,direct_message_offer,162,30,112,7059.97,3.7333333333333334,0.288591,0.5,2.5555,15,15
CLM-42-000292,ENT-0001,2026-01-21T07:55:45.028Z,22.2,quality_dispute,third_party_record,scheduled_listing,162,32,113,7096.14,3.53125,0.288591,0.5,2.6394,16,16
CLM-42-000293,ENT-0007,2026-01-21T20:43:20.458Z,154.32,not_received,none_provided,scheduled_listing,195,33,8,421.83,0.24242424242424243,0.4,0,-4.6904,0,0
CLM-42-000294,ENT-0001,2026-01-21T22:50:07.672Z,52.58,damaged_in_transit,photo_visual,direct_message_offer,162,26,114,7118.34,4.384615384615385,0.288591,0.653846,4.1104,17,17
CLM-42-000295,ENT-0001,2026-01-23T22:27:14.067Z,54.51,not_as_described,none_provided,scheduled_listing,164,33,115,7170.92,3.484848484848485,0.288591,0.515152,2.8724,17,17
CLM-42-000296,ENT-0069,2026-01-24T01:30:55.323Z,18.56,quality_dispute,none_provided,live_event,160,29,0,0,0,0.4,0,-4.397,0,0
CLM-42-000297,ENT-0002,2026-01-24T10:15:51.224Z,26.87,quality_dispute,photo_visual,scheduled_listing,260,39,55,3482.67,1.4102564102564104,0.4,0.102564,-3.7916,4,4
CLM-42-000298,ENT-0019,2026-01-24T12:10:01.843Z,15.93,not_as_described,photo_visual,live_event,224,44,1,90.11,0.022727272727272728,0.4,0,-5.416,0,0
CLM-42-000299,ENT-0001,2026-01-25T13:46:14.821Z,128.62,quality_dispute,photo_visual,live_event,166,32,116,7225.43,3.625,0.288591,0.5,2.6394,16,16
CLM-42-000300,ENT-0001,2026-01-25T23:19:31.292Z,94.97,not_received,photo_visual,scheduled_listing,166,31,117,7354.05,3.774193548387097,0.288591,0.548387,3.1924,17,17
CLM-42-000301,ENT-0006,2026-01-26T10:01:48.971Z,33.48,damaged_in_transit,communication_log,live_event,66,17,7,639.5,0.4117647058823529,0.4,0.235294,-1.3862,4,4
CLM-42-000302,ENT-0001,2026-01-26T13:24:43.946Z,19.01,not_received,third_party_record,live_event,167,30,118,7449.02,3.933333333333333,0.288591,0.566667,3.3614,17,17
CLM-42-000303,ENT-0005,2026-01-26T13:56:38.170Z,57.37,not_as_described,none_provided,live_event,160,30,10,592.31,0.3333333333333333,0.4,0.033333,-4.0995,1,1
CLM-42-000304,ENT-0003,2026-01-26T14:12:37.286Z,168.21,damaged_in_transit,third_party_record,scheduled_listing,86,15,14,1396.15,0.9333333333333333,0.4,0.2,-1.5811,3,3
CLM-42-000305,ENT-0001,2026-01-26T20:31:05.420Z,118.18,not_as_described,none_provided,live_event,167,33,119,7468.03,3.606060606060606,0.288591,0.545455,3.2566,18,18
CLM-42-000306,ENT-0001,2026-01-28T08:59:41.395Z,43.76,quality_dispute,photo_visual,live_event,169,30,120,7586.21,4,0.288591,0.633333,4.1673,19,19
CLM-42-000307,ENT-0001,2026-01-28T20:59:13.886Z,13.16,not_received,third_party_record,scheduled_listing,169,27,121,7629.97,4.481481481481482,0.288591,0.740741,5.1852,20,20
CLM-42-000308,ENT-0001,2026-01-29T01:51:15.320Z,102.65,damaged_in_transit,photo_visual,live_event,170,26,122,7643.13,4.6923076923076925,0.288591,0.807692,5.8417,21,21
CLM-42-000309,ENT-0001,2026-01-29T16:33:21.268Z,18.05,not_received,photo_visual,live_event,170,36,123,7745.78,3.4166666666666665,0.288591,0.611111,4.2708,22,22
CLM-42-000310,ENT-0005,2026-01-30T01:55:24.312Z,18.41,not_received,photo_visual,direct_message_offer,164,26,11,649.68,0.4230769230769231,0.4,0.038462,-3.763,1,1
CLM-42-000311,ENT-0004,2026-01-30T14:30:44.673Z,20.09,not_received,none_provided,scheduled_listing,123,29,16,936.2,0.5517241379310345,0.4,0,-4.397,0,0
CLM-42-000312,ENT-0001,2026-01-30T23:27:09.847Z,61.53,not_as_described,photo_visual,live_event,171,29,124,7763.83,4.275862068965517,0.288591,0.758621,5.5863,22,22
CLM-42-000313,ENT-0001,2026-01-31T10:39:44.246Z,74.71,not_as_described,none_provided,scheduled_listing,172,33,125,7825.36,3.787878787878788,0.288591,0.69697,5.1775,23,23
CLM-42-000314,ENT-0003,2026-02-01T07:44:22.650Z,28.38,not_received,photo_visual,live_event,92,21,15,1564.36,0.7142857142857143,0.4,0.190476,-1.9599,4,4
CLM-42-000315,ENT-0001,2026-02-01T11:55:27.061Z,112.4,not_received,third_party_record,scheduled_listing,173,34,126,7900.07,3.7058823529411766,0.288591,0.705882,5.37,24,24
CLM-42-000316,ENT-0001,2026-02-01T18:55:09.916Z,28.13,quality_dispute,photo_visual,live_event,173,37,127,8012.47,3.4324324324324325,0.288591,0.675676,5.1964,25,25
CLM-42-000317,ENT-0001,2026-02-02T17:42:13.517Z,25.84,not_as_described,photo_visual,live_event,174,29,128,8040.6,4.413793103448276,0.288591,0.896552,7.2256,26,26
CLM-42-000318,ENT-0004,2026-02-03T15:20:10.893Z,25.79,not_as_described,none_provided,scheduled_listing,127,20,17,956.29,0.85,0.4,0.05,-3.195,1,1
CLM-42-000319,ENT-0003,2026-02-03T16:55:48.540Z,47.62,not_as_described,photo_visual,live_event,94,23,16,1592.74,0.6956521739130435,0.4,0.217391,-1.7876,5,5
CLM-42-000320,ENT-0001,2026-02-04T00:58:12.704Z,22.21,not_as_described,none_provided,live_event,176,34,129,8066.44,3.7941176470588234,0.288591,0.764706,6.127,26,26
CLM-42-000321,ENT-0014,2026-02-04T01:50:37.585Z,47.21,not_as_described,third_party_record,scheduled_listing,179,35,2,52.6,0.05714285714285714,0.212381,0,-3.0721,0,0
CLM-42-000322,ENT-0003,2026-02-05T11:34:29.832Z,8,not_as_described,third_party_record,scheduled_listing,96,22,17,1640.36,0.7727272727272727,0.4,0.272727,-1.2185,6,6
CLM-42-000323,ENT-0002,2026-02-06T03:39:46.018Z,13.26,quality_dispute,third_party_record,scheduled_listing,273,47,56,3509.54,1.1914893617021276,0.4,0.042553,-5.0021,2,2
CLM-42-000324,ENT-0001,2026-02-06T04:08:48.564Z,47.24,not_as_described,communication_log,live_event,178,30,130,8088.65,4.333333333333333,0.288591,0.866667,6.9879,26,26
CLM-42-000325,ENT-0002,2026-02-06T21:46:52.533Z,29.84,quality_dispute,none_provided,scheduled_listing,273,41,57,3522.8,1.3902439024390243,0.4,0.073171,-4.2718,3,3
CLM-42-000326,ENT-0001,2026-02-07T15:17:17.377Z,15.89,damaged_in_transit,third_party_record,live_event,179,35,131,8135.89,3.742857142857143,0.288591,0.714286,5.5582,25,25
CLM-42-000327,ENT-0006,2026-02-07T23:35:29.837Z,40.89,not_as_described,photo_visual,scheduled_listing,78,15,8,672.98,0.5333333333333333,0.4,0.133333,-2.1082,2,2
CLM-42-000328,ENT-0006,2026-02-09T08:00:29.907Z,11.44,not_received,none_provided,live_event,80,18,9,713.87,0.5,0.4,0.166667,-2.0207,3,3
CLM-42-000329,ENT-0001,2026-02-09T18:07:43.129Z,17.33,not_received,third_party_record,live_event,181,38,132,8151.78,3.473684210526316,0.288591,0.657895,5.0243,25,25
CLM-42-000330,ENT-0001,2026-02-11T02:42:21.694Z,101.34,quality_dispute,none_provided,scheduled_listing,183,33,133,8169.11,4.03030303030303,0.288591,0.787879,6.33,26,26
CLM-42-000331,ENT-0029,2026-02-11T08:50:54.283Z,100.46,not_received,none_provided,direct_message_offer,231,44,0,0,0,0.4,0,-5.416,0,0
CLM-42-000332,ENT-0001,2026-02-12T00:27:19.416Z,62.22,not_received,third_party_record,scheduled_listing,184,33,134,8270.45,4.0606060606060606,0.288591,0.818182,6.7142,27,27
CLM-42-000333,ENT-0006,2026-02-12T01:11:09.309Z,32.19,not_received,photo_visual,scheduled_listing,83,22,10,725.31,0.45454545454545453,0.4,0.181818,-2.0889,4,4
CLM-42-000334,ENT-0001,2026-02-12T07:34:39.429Z,51.46,not_received,photo_visual,live_event,184,36,135,8332.67,3.75,0.288591,0.777778,6.4778,28,28
CLM-42-000335,ENT-0003,2026-02-12T23:45:10.251Z,8,unauthorized_charge,third_party_record,scheduled_listing,103,17,18,1648.36,1.0588235294117647,0.4,0.235294,-1.3862,4,4
CLM-42-000336,ENT-0006,2026-02-13T10:09:45.096Z,98.84,damaged_in_transit,communication_log,scheduled_listing,84,16,11,757.5,0.6875,0.4,0.3125,-0.7144,5,5
CLM-42-000337,ENT-0018,2026-02-13T18:12:44.193Z,33.56,not_as_described,photo_visual,scheduled_listing,52,10,0,0,0,0.368705,0,-2.4167,0,0
CLM-42-000338,ENT-0020,2026-02-16T19:27:20.237Z,10.93,not_as_described,photo_visual,direct_message_offer,261,41,0,0,0,0.4,0,-5.2281,0,0
CLM-42-000339,ENT-0001,2026-02-16T21:50:58.935Z,52.04,not_received,photo_visual,direct_message_offer,188,29,136,8384.13,4.689655172413793,0.288591,0.931034,7.6354,27,27
CLM-42-000340,ENT-0001,2026-02-17T15:25:44.829Z,16.87,not_received,photo_visual,live_event,189,30,137,8436.17,4.566666666666666,0.288591,0.9,7.3908,27,27
CLM-42-000341,ENT-0002,2026-02-18T12:00:16.262Z,44.04,quality_dispute,none_provided,live_event,285,50,58,3552.64,1.16,0.4,0.06,-4.9075,3,3
CLM-42-000342,ENT-0001,2026-02-19T16:05:17.411Z,20.86,not_as_described,communication_log,live_event,191,34,138,8453.04,4.0588235294117645,0.288591,0.764706,6.127,26,26
CLM-42-000343,ENT-0002,2026-02-19T21:16:16.248Z,52.36,not_as_described,photo_visual,live_event,286,54,59,3596.68,1.0925925925925926,0.4,0.074074,-4.8889,4,4
CLM-42-000344,ENT-0017,2026-02-20T15:40:30.821Z,23.57,not_as_described,photo_visual,direct_message_offer,248,40,2,74.56,0.05,0.4,0,-5.164,0,0
CLM-42-000345,ENT-0003,2026-02-21T03:48:06.622Z,15.51,quality_dispute,none_provided,live_event,112,19,19,1656.36,1,0.4,0.263158,-1.2176,5,5
CLM-42-000346,ENT-0005,2026-02-21T05:26:13.057Z,10.86,unauthorized_charge,communication_log,live_event,186,30,12,668.09,0.4,0.4,0.066667,-3.7268,2,2
CLM-42-000347,ENT-0001,2026-02-21T06:40:33.121Z,86.51,not_received,photo_visual,scheduled_listing,193,39,139,8473.9,3.5641025641025643,0.288591,0.615385,4.5041,24,24
CLM-42-000348,ENT-0001,2026-02-21T12:29:10.497Z,36.33,not_received,photo_visual,scheduled_listing,193,37,140,8560.41,3.7837837837837838,0.288591,0.675676,5.1964,25,25
CLM-42-000349,ENT-0001,2026-02-21T16:05:57.580Z,23.14,damaged_in_transit,photo_visual,direct_message_offer,193,31,141,8596.74,4.548387096774194,0.288591,0.83871,6.7598,26,26
CLM-42-000350,ENT-0001,2026-02-22T08:47:27.708Z,46.04,damaged_in_transit,photo_visual,live_event,194,33,142,8619.88,4.303030303030303,0.288591,0.818182,6.7142,27,27
CLM-42-000351,ENT-0001,2026-02-24T01:36:06.122Z,42.41,damaged_in_transit,photo_visual,live_event,196,31,143,8665.92,4.612903225806452,0.288591,0.870968,7.1562,27,27
CLM-42-000352,ENT-0026,2026-02-24T08:11:40.091Z,20.38,not_received,none_provided,live_event,109,18,0,0,0,0.141429,0,-1.7219,0,0
CLM-42-000353,ENT-0004,2026-02-24T12:10:00.667Z,42.4,not_received,photo_visual,live_event,148,25,18,982.08,0.72,0.4,0.08,-3.266,2,2
CLM-42-000354,ENT-0023,2026-02-24T18:25:10.662Z,13.76,not_as_described,photo_visual,live_event,10,8,0,0,0,0.4,0,-2.3094,0,0
CLM-42-000355,ENT-0003,2026-02-25T02:26:56.393Z,51.7,not_received,third_party_record,live_event,116,26,20,1671.87,0.7692307692307693,0.4,0.230769,-1.7614,6,6
CLM-42-000356,ENT-0013,2026-02-25T04:30:57.813Z,61.34,not_received,none_provided,direct_message_offer,250,44,3,66.05,0.06818181818181818,0.4,0,-5.416,0,0
CLM-42-000357,ENT-0003,2026-02-25T06:44:33.422Z,193.39,quality_dispute,photo_visual,live_event,116,29,21,1723.57,0.7241379310344828,0.4,0.241379,-1.7436,7,7
CLM-42-000358,ENT-0001,2026-02-25T18:18:19.778Z,8,quality_dispute,none_provided,live_event,197,32,144,8708.33,4.5,0.288591,0.78125,6.1506,25,25
CLM-42-000359,ENT-0001,2026-02-26T01:22:57.099Z,11.09,quality_dispute,photo_visual,live_event,198,30,145,8716.33,4.833333333333333,0.288591,0.833333,6.5849,25,25
CLM-42-000360,ENT-0002,2026-02-26T13:44:00.928Z,19.42,not_received,photo_visual,live_event,293,55,60,3649.04,1.0909090909090908,0.4,0.072727,-4.9543,4,4
CLM-42-000361,ENT-0003,2026-02-27T11:10:33.481Z,149.04,not_received,photo_visual,live_event,118,20,22,1916.96,1.1,0.4,0.35,-0.4564,7,7
CLM-42-000362,ENT-0021,2026-02-28T13:46:36.627Z,32.39,quality_dispute,none_provided,live_event,268,50,1,69.49,0.02,0.4,0,-5.7735,0,0
CLM-42-000363,ENT-0004,2026-02-28T14:22:36.399Z,44.64,not_as_described,none_provided,live_event,152,24,19,1024.48,0.7916666666666666,0.4,0.125,-2.75,3,3
CLM-42-000364,ENT-0001,2026-03-01T03:21:45.364Z,22.08,not_as_described,third_party_record,direct_message_offer,201,37,146,8727.42,3.945945945945946,0.288591,0.594595,4.108,22,22
CLM-42-000365,ENT-0002,2026-03-01T17:01:20.982Z,42.3,not_as_described,none_provided,live_event,296,52,61,3668.46,1.1730769230769231,0.4,0.096154,-4.4725,5,5
CLM-42-000366,ENT-0004,2026-03-02T00:41:59.650Z,8,not_received,photo_visual,direct_message_offer,154,31,20,1069.12,0.6451612903225806,0.4,0.096774,-3.4462,3,3
CLM-42-000367,ENT-0010,2026-03-03T09:14:29.087Z,50.48,not_received,photo_visual,live_event,300,55,7,365.91,0.12727272727272726,0.4,0,-6.0553,0,0
CLM-42-000368,ENT-0165,2026-03-03T13:23:07.599Z,34.85,damaged_in_transit,photo_visual,live_event,247,37,1,46.11,0.02702702702702703,0.394834,0,-4.9133,0,0
CLM-42-000369,ENT-0002,2026-03-04T02:56:37.009Z,55.46,not_as_described,communication_log,live_event,299,54,62,3710.76,1.1481481481481481,0.4,0.111111,-4.3333,6,6
CLM-42-000370,ENT-0001,2026-03-04T15:50:25.961Z,28.66,damaged_in_transit,photo_visual,live_event,204,41,147,8749.5,3.5853658536585367,0.288591,0.463415,2.4705,19,19
CLM-42-000371,ENT-0008,2026-03-05T07:30:23.921Z,15.86,unauthorized_charge,third_party_record,live_event,179,32,10,321.59,0.3125,0.4,0,-4.6188,0,0
CLM-42-000372,ENT-0001,2026-03-05T09:46:43.728Z,24.6,not_received,photo_visual,live_event,205,38,148,8778.16,3.8947368421052633,0.288591,0.5,2.8762,19,19
CLM-42-000373,ENT-0004,2026-03-05T18:34:00.179Z,36.69,damaged_in_transit,photo_visual,live_event,157,32,21,1077.12,0.65625,0.4,0.09375,-3.5363,3,3
CLM-42-000374,ENT-0002,2026-03-07T11:22:42.565Z,25.33,damaged_in_transit,photo_visual,live_event,302,55,63,3766.22,1.1454545454545455,0.4,0.127273,-4.1286,7,7
CLM-42-000375,ENT-0001,2026-03-07T23:49:13.973Z,24.74,not_as_described,communication_log,scheduled_listing,207,33,149,8802.76,4.515151515151516,0.288591,0.575758,3.6407,19,19
CLM-42-000376,ENT-0015,2026-03-08T09:53:32.084Z,11.98,not_as_described,communication_log,live_event,76,17,2,264.96,0.11764705882352941,0.194215,0,-2.0242,0,0
CLM-42-000377,ENT-0002,2026-03-08T21:46:05.555Z,256.54,not_received,none_provided,live_event,303,50,64,3791.55,1.28,0.4,0.14,-3.7528,7,7
CLM-42-000378,ENT-0002,2026-03-08T22:55:29.959Z,15.94,not_as_described,third_party_record,scheduled_listing,303,49,65,4048.09,1.3265306122448979,0.4,0.142857,-3.6742,7,7
CLM-42-000379,ENT-0001,2026-03-08T23:13:12.783Z,20.59,not_as_described,photo_visual,live_event,208,37,150,8827.5,4.054054054054054,0.288591,0.513514,3.0195,19,19
CLM-42-000380,ENT-0004,2026-03-11T04:44:14.880Z,59.02,not_as_described,none_provided,live_event,163,32,22,1113.81,0.6875,0.4,0.125,-3.1754,4,4
CLM-42-000381,ENT-0001,2026-03-11T08:17:08.970Z,85.94,not_as_described,none_provided,scheduled_listing,211,32,151,8848.09,4.71875,0.288591,0.59375,3.8098,19,19
CLM-42-000382,ENT-0001,2026-03-11T21:33:20.449Z,56.76,not_received,third_party_record,live_event,211,39,152,8934.03,3.8974358974358974,0.288591,0.487179,2.7371,19,19
CLM-42-000383,ENT-0036,2026-03-11T21:37:19.138Z,60.36,not_as_described,third_party_record,scheduled_listing,280,46,1,113.34,0.021739130434782608,0.4,0,-5.5377,0,0
CLM-42-000384,ENT-0001,2026-03-12T02:37:39.486Z,17.72,not_as_described,third_party_record,scheduled_listing,212,32,153,8990.79,4.78125,0.288591,0.625,4.1999,20,20
CLM-42-000385,ENT-0003,2026-03-12T03:47:25.103Z,59.02,unauthorized_charge,third_party_record,direct_message_offer,131,20,23,2066,1.15,0.4,0.25,-1.3693,5,5
CLM-42-000386,ENT-0001,2026-03-12T21:12:58.896Z,33.49,not_as_described,communication_log,live_event,212,43,154,9008.51,3.5813953488372094,0.288591,0.488372,2.8913,21,21
CLM-42-000387,ENT-0001,2026-03-13T03:17:48.180Z,28.92,not_received,none_provided,scheduled_listing,213,37,155,9042,4.1891891891891895,0.288591,0.567568,3.7451,21,21
CLM-42-000388,ENT-0001,2026-03-13T08:42:25.262Z,114.21,not_as_described,third_party_record,live_event,213,34,156,9070.92,4.588235294117647,0.288591,0.647059,4.6131,22,22
CLM-42-000389,ENT-0006,2026-03-15T13:55:22.203Z,23.93,not_as_described,photo_visual,live_event,114,18,12,856.34,0.6666666666666666,0.4,0,-3.4641,0,0
CLM-42-000390,ENT-0003,2026-03-15T18:29:57.855Z,23.41,not_received,photo_visual,scheduled_listing,134,28,24,2125.02,0.8571428571428571,0.4,0.178571,-2.3917,5,5
CLM-42-000391,ENT-0001,2026-03-15T23:18:11.181Z,21.18,not_as_described,none_provided,live_event,215,35,157,9185.13,4.485714285714286,0.288591,0.6,4.066,21,21
CLM-42-000392,ENT-0001,2026-03-16T13:59:37.319Z,34.83,damaged_in_transit,third_party_record,scheduled_listing,216,41,158,9206.31,3.8536585365853657,0.288591,0.536585,3.5046,22,22
CLM-42-000393,ENT-0001,2026-03-16T14:51:15.273Z,56.24,not_received,photo_visual,live_event,216,36,159,9241.14,4.416666666666667,0.288591,0.638889,4.6386,23,23
CLM-42-000394,ENT-0018,2026-03-16T17:13:15.727Z,39.85,not_as_described,communication_log,direct_message_offer,83,23,1,33.56,0.043478260869565216,0.368705,0,-3.6651,0,0
CLM-42-000395,ENT-0003,2026-03-17T02:04:33.787Z,103.21,not_as_described,none_provided,live_event,136,28,25,2148.43,0.8928571428571429,0.4,0.214286,-2.0059,6,6
CLM-42-000396,ENT-0003,2026-03-17T16:02:46.153Z,8,not_received,communication_log,scheduled_listing,136,25,26,2251.64,1.04,0.4,0.28,-1.2247,7,7
CLM-42-000397,ENT-0002,2026-03-18T14:29:50.384Z,22.31,damaged_in_transit,none_provided,scheduled_listing,313,51,66,4064.03,1.2941176470588236,0.4,0.156863,-3.5443,8,8
CLM-42-000398,ENT-0003,2026-03-18T18:09:43.887Z,49.74,not_as_described,photo_visual,live_event,137,28,27,2259.64,0.9642857142857143,0.4,0.285714,-1.2344,8,8
CLM-42-000399,ENT-0004,2026-03-18T19:42:12.141Z,36.33,not_received,communication_log,live_event,170,30,23,1172.83,0.7666666666666667,0.4,0.166667,-2.6087,5,5
CLM-42-000400,ENT-0014,2026-03-19T16:36:17.322Z,67.5,not_received,none_provided,live_event,222,39,3,99.81,0.07692307692307693,0.212381,0,-3.2429,0,0
CLM-42-000401,ENT-0001,2026-03-19T20:36:49.009Z,101.74,not_as_described,photo_visual,live_event,219,38,160,9297.38,4.2105263157894735,0.288591,0.578947,3.9502,22,22
CLM-42-000402,ENT-0001,2026-03-20T08:29:13.912Z,170.77,unauthorized_charge,none_provided,live_event,220,37,161,9399.12,4.351351351351352,0.288591,0.621622,4.4708,23,23
CLM-42-000403,ENT-0003,2026-03-20T10:27:00.405Z,105.31,not_received,photo_visual,scheduled_listing,139,31,28,2309.38,0.9032258064516129,0.4,0.290323,-1.2465,9,9
CLM-42-000404,ENT-0005,2026-03-20T21:58:12.203Z,43.77,unauthorized_charge,third_party_record,live_event,213,36,13,678.95,0.3611111111111111,0.4,0.027778,-4.5588,1,1
CLM-42-000405,ENT-0002,2026-03-21T08:44:47.571Z,31.81,damaged_in_transit,communication_log,live_event,316,48,67,4086.34,1.3958333333333333,0.4,0.166667,-3.2998,8,8
CLM-42-000406,ENT-0002,2026-03-22T04:22:59.070Z,19.34,damaged_in_transit,none_provided,live_event,317,57,68,4118.15,1.1929824561403508,0.4,0.140351,-4.0015,8,8
CLM-42-000407,ENT-0003,2026-03-22T17:28:07.696Z,8.44,not_as_described,third_party_record,scheduled_listing,141,30,29,2414.69,0.9666666666666667,0.4,0.333333,-0.7454,10,10
CLM-42-000408,ENT-0037,2026-03-22T17:57:18.555Z,32.25,quality_dispute,photo_visual,live_event,264,41,0,0,0,0.4,0,-5.2281,0,0
CLM-42-000409,ENT-0002,2026-03-22T19:58:14.578Z,66.31,damaged_in_transit,photo_visual,live_event,317,57,69,4137.49,1.2105263157894737,0.4,0.157895,-3.7311,9,9
CLM-42-000410,ENT-0005,2026-03-23T07:22:22.306Z,59.03,damaged_in_transit,none_provided,live_event,216,35,14,722.72,0.4,0.4,0.028571,-4.4854,1,1
CLM-42-000411,ENT-0004,2026-03-23T21:05:27.177Z,25.09,not_as_described,third_party_record,live_event,175,29,24,1209.16,0.8275862068965517,0.4,0.206897,-2.1227,6,6
CLM-42-000412,ENT-0001,2026-03-24T20:16:10.930Z,84.98,not_received,photo_visual,scheduled_listing,224,33,162,9569.89,4.909090909090909,0.288591,0.575758,3.6407,19,19
CLM-42-000413,ENT-0001,2026-03-25T04:02:47.447Z,48.13,not_as_described,third_party_record,live_event,225,39,163,9654.87,4.17948717948718,0.288591,0.512821,3.0905,20,20
CLM-42-000414,ENT-0001,2026-03-26T09:52:54.957Z,44.28,not_received,photo_visual,live_event,226,34,164,9703,4.823529411764706,0.288591,0.588235,3.8561,20,20
CLM-42-000415,ENT-0009,2026-03-26T19:52:45.997Z,52.12,unauthorized_charge,photo_visual,live_event,289,49,6,396.73,0.12244897959183673,0.4,0,-5.7155,0,0
CLM-42-000416,ENT-0001,2026-03-27T15:25:59.905Z,29.12,not_as_described,third_party_record,direct_message_offer,227,38,165,9747.28,4.342105263157895,0.288591,0.552632,3.5922,21,21
CLM-42-000417,ENT-0029,2026-03-27T22:23:50.396Z,59.71,unauthorized_charge,communication_log,live_event,275,46,1,100.46,0.021739130434782608,0.4,0,-5.5377,0,0
CLM-42-000418,ENT-0001,2026-03-28T08:01:23.735Z,18.53,not_as_described,none_provided,live_event,228,41,166,9776.4,4.048780487804878,0.288591,0.487805,2.8152,20,20
CLM-42-000419,ENT-0001,2026-03-28T10:46:05.370Z,51.39,not_received,none_provided,live_event,228,36,167,9794.93,4.638888888888889,0.288591,0.583333,3.9029,21,21
CLM-42-000420,ENT-0003,2026-03-29T03:58:01.374Z,25.1,not_as_described,third_party_record,scheduled_listing,148,29,30,2423.13,1.0344827586206897,0.4,0.275862,-1.3646,8,8
CLM-42-000421,ENT-0002,2026-03-29T06:15:26.965Z,60.55,not_as_described,photo_visual,scheduled_listing,324,49,70,4203.8,1.4285714285714286,0.4,0.183673,-3.091,9,9
CLM-42-000422,ENT-0001,2026-03-29T06:41:05.354Z,41,quality_dispute,photo_visual,live_event,229,42,168,9846.32,4,0.288591,0.52381,3.3643,22,22
CLM-42-000423,ENT-0003,2026-03-30T15:39:10.311Z,28.91,not_as_described,none_provided,live_event,149,31,31,2448.23,1,0.4,0.258065,-1.6131,8,8
CLM-42-000424,ENT-0003,2026-03-31T05:11:01.280Z,9.43,unauthorized_charge,none_provided,direct_message_offer,150,28,32,2477.14,1.1428571428571428,0.4,0.321429,-0.8487,9,9
CLM-42-000425,ENT-0001,2026-03-31T05:39:06.489Z,22.03,not_as_described,third_party_record,direct_message_offer,231,46,169,9887.32,3.6739130434782608,0.288591,0.478261,2.8391,22,22
CLM-42-000426,ENT-0004,2026-03-31T14:42:18.429Z,35.72,not_received,communication_log,scheduled_listing,183,30,25,1234.25,0.8333333333333334,0.4,0.166667,-2.6087,5,5
CLM-42-000427,ENT-0003,2026-04-01T05:03:55.666Z,20.71,not_received,none_provided,live_event,151,34,33,2486.57,0.9705882352941176,0.4,0.294118,-1.2603,10,10
CLM-42-000428,ENT-0001,2026-04-01T11:53:46.472Z,30.89,unauthorized_charge,photo_visual,scheduled_listing,232,37,170,9909.35,4.594594594594595,0.288591,0.621622,4.4708,23,23
CLM-42-000429,ENT-0001,2026-04-02T02:51:27.092Z,8,damaged_in_transit,photo_visual,live_event,233,41,171,9940.24,4.170731707317073,0.288591,0.585366,4.1939,24,24
CLM-42-000430,ENT-0005,2026-04-03T07:14:06.241Z,20.08,not_received,photo_visual,scheduled_listing,227,42,15,781.75,0.35714285714285715,0.4,0.047619,-4.6616,2,2
CLM-42-000431,ENT-0001,2026-04-03T13:21:58.039Z,14.76,quality_dispute,third_party_record,live_event,234,41,172,9948.24,4.195121951219512,0.288591,0.609756,4.5386,25,25
CLM-42-000432,ENT-0007,2026-04-04T13:21:52.025Z,15.2,not_as_described,third_party_record,scheduled_listing,268,47,9,576.15,0.19148936170212766,0.4,0,-5.5976,0,0
CLM-42-000433,ENT-0001,2026-04-04T17:56:55.667Z,41.34,not_as_described,third_party_record,scheduled_listing,235,40,173,9963,4.325,0.288591,0.6,4.3467,24,24
CLM-42-000434,ENT-0010,2026-04-05T21:22:12.490Z,106.27,damaged_in_transit,photo_visual,live_event,333,56,8,416.39,0.14285714285714285,0.4,0,-6.1101,0,0
CLM-42-000435,ENT-0001,2026-04-06T00:54:57.241Z,20.53,not_as_described,photo_visual,scheduled_listing,237,37,174,10004.34,4.702702702702703,0.288591,0.675676,5.1964,25,25
CLM-42-000436,ENT-0031,2026-04-06T10:25:47.522Z,9.39,damaged_in_transit,none_provided,scheduled_listing,414,65,0,0,0,0.4,0,-6.5828,0,0
CLM-42-000437,ENT-0005,2026-04-06T18:45:26.807Z,21.22,not_received,photo_visual,live_event,230,44,16,801.83,0.36363636363636365,0.4,0.068182,-4.4928,3,3
CLM-42-000438,ENT-0001,2026-04-06T23:44:26.876Z,34.37,not_as_described,none_provided,scheduled_listing,237,43,175,10024.87,4.069767441860465,0.288591,0.604651,4.5741,26,26
CLM-42-000439,ENT-0001,2026-04-07T10:18:44.067Z,45.45,not_received,third_party_record,live_event,238,36,176,10059.24,4.888888888888889,0.288591,0.722222,5.7421,26,26
CLM-42-000440,ENT-0003,2026-04-09T01:35:16.285Z,301.68,not_received,third_party_record,live_event,159,33,34,2507.28,1.0303030303030303,0.4,0.333333,-0.7817,11,11
CLM-42-000441,ENT-0001,2026-04-09T10:40:22.943Z,119.02,not_as_described,third_party_record,live_event,240,36,177,10104.69,4.916666666666667,0.288591,0.722222,5.7421,26,26
CLM-42-000442,ENT-0003,2026-04-09T18:52:27.771Z,19.03,quality_dispute,photo_visual,live_event,159,34,35,2808.96,1.0294117647058822,0.4,0.352941,-0.5601,12,12
CLM-42-000443,ENT-0009,2026-04-09T20:17:01.863Z,90.82,not_as_described,photo_visual,scheduled_listing,303,46,7,448.85,0.15217391304347827,0.4,0.021739,-5.2368,1,1
CLM-42-000444,ENT-0003,2026-04-09T22:35:50.812Z,21.4,not_as_described,third_party_record,live_event,159,30,36,2827.99,1.2,0.4,0.433333,0.3727,13,13
CLM-42-000445,ENT-0001,2026-04-10T22:13:11.552Z,14.52,quality_dispute,none_provided,scheduled_listing,241,46,178,10223.71,3.869565217391304,0.288591,0.543478,3.8153,25,25
CLM-42-000446,ENT-0001,2026-04-10T22:34:58.680Z,35.7,quality_dispute,none_provided,live_event,241,45,179,10238.23,3.977777777777778,0.288591,0.577778,4.2814,26,26
CLM-42-000447,ENT-0001,2026-04-11T13:12:28.769Z,214.28,unauthorized_charge,third_party_record,live_event,242,39,180,10273.93,4.615384615384615,0.288591,0.666667,5.2109,26,26
CLM-42-000448,ENT-0020,2026-04-11T18:45:38.977Z,241.85,quality_dispute,photo_visual,scheduled_listing,315,49,1,10.93,0.02040816326530612,0.4,0,-5.7155,0,0
CLM-42-000449,ENT-0005,2026-04-12T01:55:11.586Z,54.23,not_as_described,communication_log,live_event,236,35,17,823.05,0.4857142857142857,0.4,0.114286,-3.4503,4,4
CLM-42-000450,ENT-0018,2026-04-12T16:13:49.548Z,26.78,damaged_in_transit,third_party_record,scheduled_listing,110,27,2,73.41,0.07407407407407407,0.368705,0.037037,-3.5722,1,1
CLM-42-000451,ENT-0015,2026-04-12T18:18:31.851Z,33.47,not_received,third_party_record,live_event,111,17,3,276.94,0.17647058823529413,0.194215,0,-2.0242,0,0
CLM-42-000452,ENT-0001,2026-04-12T19:42:49.277Z,70.47,quality_dispute,third_party_record,scheduled_listing,243,41,181,10488.21,4.414634146341464,0.288591,0.585366,4.1939,24,24
CLM-42-000453,ENT-0023,2026-04-13T03:24:30.313Z,48.42,damaged_in_transit,photo_visual,live_event,58,20,1,13.76,0.05,0.4,0,-3.6515,0,0
CLM-42-000454,ENT-0026,2026-04-13T09:31:45.940Z,8,not_as_described,photo_visual,live_event,157,26,1,20.38,0.038461538461538464,0.141429,0,-2.0695,0,0
CLM-42-000455,ENT-0020,2026-04-13T13:33:50.650Z,71.52,not_received,photo_visual,live_event,317,59,2,252.78,0.03389830508474576,0.4,0.016949,-6.0059,1,1
CLM-42-000456,ENT-0004,2026-04-13T19:15:07.715Z,14.81,quality_dispute,none_provided,live_event,196,34,26,1269.97,0.7647058823529411,0.4,0.088235,-3.7107,3,3
CLM-42-000457,ENT-0004,2026-04-13T20:50:58.639Z,109.21,quality_dispute,none_provided,scheduled_listing,196,31,27,1284.78,0.8709677419354839,0.4,0.129032,-3.0796,4,4
CLM-42-000458,ENT-0040,2026-04-14T02:12:42.724Z,8.41,damaged_in_transit,none_provided,live_event,311,50,0,0,0,0.4,0,-5.7735,0,0
CLM-42-000459,ENT-0001,2026-04-15T06:29:29.974Z,14.09,not_received,photo_visual,live_event,246,40,182,10558.68,4.55,0.288591,0.6,4.3467,24,24
CLM-42-000460,ENT-0001,2026-04-15T18:28:38.851Z,91.07,not_as_described,none_provided,scheduled_listing,246,38,183,10572.77,4.815789473684211,0.288591,0.605263,4.3082,23,23
CLM-42-000461,ENT-0001,2026-04-16T08:39:44.945Z,21.84,quality_dispute,photo_visual,live_event,247,48,184,10663.84,3.8333333333333335,0.288591,0.5,3.2325,24,24
CLM-42-000462,ENT-0001,2026-04-17T21:32:04.796Z,40.06,quality_dispute,photo_visual,live_event,248,40,185,10685.68,4.625,0.288591,0.625,4.6957,25,25
CLM-42-000463,ENT-0003,2026-04-18T09:46:14.996Z,18.17,not_as_described,photo_visual,live_event,168,27,37,2849.39,1.3703703703703705,0.4,0.333333,-0.7071,9,9
CLM-42-000464,ENT-0006,2026-04-19T10:04:11.090Z,215.47,not_received,third_party_record,scheduled_listing,149,29,13,880.27,0.4482758620689655,0.4,0,-4.397,0,0
CLM-42-000465,ENT-0001,2026-04-19T16:43:58.169Z,74.63,not_as_described,photo_visual,scheduled_listing,250,43,186,10725.74,4.325581395348837,0.288591,0.55814,3.901,24,24
CLM-42-000466,ENT-0003,2026-04-19T16:46:40.949Z,15.74,not_as_described,none_provided,scheduled_listing,169,33,38,2867.56,1.1515151515151516,0.4,0.272727,-1.4924,9,9
CLM-42-000467,ENT-0002,2026-04-20T21:55:18.654Z,188.2,damaged_in_transit,communication_log,scheduled_listing,346,60,71,4264.35,1.1833333333333333,0.4,0.05,-5.534,3,3
CLM-42-000468,ENT-0002,2026-04-21T17:54:02.732Z,24.14,not_received,photo_visual,scheduled_listing,347,60,72,4452.55,1.2,0.4,0.05,-5.534,3,3
CLM-42-000469,ENT-0005,2026-04-22T06:03:27.266Z,112.9,damaged_in_transit,none_provided,scheduled_listing,246,48,18,877.28,0.375,0.4,0.083333,-4.4783,4,4
CLM-42-000470,ENT-0001,2026-04-22T08:55:11.025Z,11.93,unauthorized_charge,third_party_record,live_event,253,49,187,10800.37,3.816326530612245,0.288591,0.510204,3.4237,25,25
CLM-42-000471,ENT-0001,2026-04-22T13:45:59.310Z,8,damaged_in_transit,photo_visual,scheduled_listing,253,38,188,10812.3,4.947368421052632,0.288591,0.684211,5.3823,26,26
CLM-42-000472,ENT-0001,2026-04-23T08:23:51.962Z,666.68,not_as_described,third_party_record,live_event,254,38,189,10820.3,4.973684210526316,0.288591,0.710526,5.7403,27,27
CLM-42-000473,ENT-0004,2026-04-23T15:35:37.795Z,33.45,not_as_described,none_provided,live_event,206,34,28,1393.99,0.8235294117647058,0.4,0.088235,-3.7107,3,3
CLM-42-000474,ENT-0001,2026-04-23T18:05:23.797Z,22.75,not_received,photo_visual,live_event,254,49,190,11486.98,3.877551020408163,0.288591,0.571429,4.3695,28,28
CLM-42-000475,ENT-0002,2026-04-23T20:56:47.388Z,23.88,not_received,communication_log,live_event,349,59,73,4476.69,1.2372881355932204,0.4,0.050847,-5.4744,3,3
CLM-42-000476,ENT-0001,2026-04-24T15:07:00.993Z,17.43,not_as_described,photo_visual,live_event,255,40,191,11509.73,4.775,0.288591,0.675,5.3936,27,27
CLM-42-000477,ENT-0006,2026-04-25T20:27:02.892Z,15.6,not_received,photo_visual,live_event,155,23,14,1095.74,0.6086956521739131,0.4,0.043478,-3.4902,1,1
CLM-42-000478,ENT-0001,2026-04-25T23:25:28.100Z,53.25,damaged_in_transit,photo_visual,live_event,256,38,192,11527.16,5.052631578947368,0.288591,0.710526,5.7403,27,27
CLM-42-000479,ENT-0004,2026-04-27T05:26:46.489Z,162.41,not_as_described,photo_visual,direct_message_offer,210,41,29,1427.44,0.7073170731707317,0.4,0.097561,-3.953,4,4
CLM-42-000480,ENT-0001,2026-04-27T17:55:18.912Z,117.7,damaged_in_transit,third_party_record,live_event,258,43,193,11580.41,4.488372093023256,0.288591,0.581395,4.2375,25,25
CLM-42-000481,ENT-0007,2026-04-28T06:21:31.077Z,99.27,damaged_in_transit,none_provided,live_event,292,52,10,591.35,0.19230769230769232,0.4,0.019231,-5.6048,1,1
CLM-42-000482,ENT-0002,2026-04-28T09:53:09.015Z,27.07,quality_dispute,photo_visual,live_event,354,60,74,4500.57,1.2333333333333334,0.4,0.05,-5.534,3,3
CLM-42-000483,ENT-0001,2026-04-28T13:34:05.370Z,51.8,quality_dispute,photo_visual,live_event,259,45,194,11698.11,4.311111111111111,0.288591,0.555556,3.9524,25,25
CLM-42-000484,ENT-0007,2026-04-28T22:25:53.663Z,8.46,not_as_described,none_provided,live_event,292,46,11,690.62,0.2391304347826087,0.4,0.043478,-4.9358,2,2
CLM-42-000485,ENT-0023,2026-04-28T22:39:54.043Z,20.9,not_as_described,none_provided,scheduled_listing,73,12,2,62.18,0.16666666666666666,0.4,0.083333,-2.2392,1,1
CLM-42-000486,ENT-0003,2026-04-29T08:33:58.711Z,63.22,damaged_in_transit,photo_visual,live_event,179,29,39,2883.3,1.3448275862068966,0.4,0.275862,-1.3646,8,8
CLM-42-000487,ENT-0004,2026-04-29T08:46:51.621Z,48.01,not_as_described,communication_log,live_event,212,42,30,1589.85,0.7142857142857143,0.4,0.119048,-3.7167,5,5
CLM-42-000488,ENT-0001,2026-04-29T13:52:31.859Z,31.99,not_as_described,photo_visual,live_event,260,41,195,11749.91,4.7560975609756095,0.288591,0.634146,4.8832,26,26
CLM-42-000489,ENT-0003,2026-04-30T05:14:09.390Z,8.97,unauthorized_charge,photo_visual,live_event,180,37,40,2946.52,1.0810810810810811,0.4,0.189189,-2.6175,7,7
CLM-42-000490,ENT-0003,2026-04-30T05:34:57.927Z,36.8,damaged_in_transit,none_provided,live_event,180,31,41,2955.49,1.3225806451612903,0.4,0.258065,-1.6131,8,8
CLM-42-000491,ENT-0001,2026-04-30T09:20:07.029Z,31.11,not_as_described,none_provided,scheduled_listing,261,41,196,11781.9,4.780487804878049,0.288591,0.634146,4.8832,26,26
CLM-42-000492,ENT-0001,2026-05-01T04:39:15.452Z,14.18,damaged_in_transit,photo_visual,scheduled_listing,262,44,197,11813.01,4.4772727272727275,0.288591,0.613636,4.7585,27,27
CLM-42-000493,ENT-0002,2026-05-01T18:15:32.773Z,22.07,not_received,third_party_record,scheduled_listing,357,59,75,4527.64,1.271186440677966,0.4,0.067797,-5.2086,4,4
CLM-42-000494,ENT-0003,2026-05-01T21:15:39.987Z,27.21,not_as_described,none_provided,live_event,181,38,42,2992.29,1.105263157894737,0.4,0.210526,-2.3842,8,7
CLM-42-000495,ENT-0001,2026-05-02T22:30:14.269Z,25.76,damaged_in_transit,photo_visual,live_event,263,42,198,11827.19,4.714285714285714,0.288591,0.619048,4.7265,26,26
CLM-42-000496,ENT-0001,2026-05-03T20:07:17.238Z,60,not_received,third_party_record,live_event,264,43,199,11852.95,4.627906976744186,0.288591,0.604651,4.5741,26,26
CLM-42-000497,ENT-0028,2026-05-04T01:40:29.188Z,90.85,not_received,none_provided,live_event,374,66,1,76,0.015151515151515152,0.4,0,-6.6332,0,0
CLM-42-000498,ENT-0002,2026-05-04T16:33:02.408Z,28.83,unauthorized_charge,third_party_record,live_event,360,65,76,4549.71,1.1692307692307693,0.4,0.076923,-5.3169,5,5
CLM-42-000499,ENT-0003,2026-05-04T21:07:28.464Z,28.54,not_as_described,photo_visual,direct_message_offer,184,36,43,3019.5,1.1944444444444444,0.4,0.25,-1.8371,9,8
CLM-42-000500,ENT-0003,2026-05-05T22:57:51.561Z,30.53,not_as_described,photo_visual,scheduled_listing,185,34,44,3048.04,1.2941176470588236,0.4,0.294118,-1.2603,10,9
